38	United States of America	<http://www.wikidata.org/entity/Q30>
38	United States of America	<http://www.wikidata.org/entity/Q30>
38	United States of America	<http://www.wikidata.org/entity/Q30>
38	United States of America	<http://www.wikidata.org/entity/Q30>
38	United States	<http://www.wikidata.org/entity/Q30>
38	US	<http://www.wikidata.org/entity/Q30>
38	USA	<http://www.wikidata.org/entity/Q30>
38	U.S.	<http://www.wikidata.org/entity/Q30>
38	U.S.A.	<http://www.wikidata.org/entity/Q30>
71	United Kingdom	<http://www.wikidata.org/entity/Q145>
71	UK	<http://www.wikidata.org/entity/Q145>
71	U.K.	<http://www.wikidata.org/entity/Q145>
71	England	<http://www.wikidata.org/entity/Q145>
72	Germany	<http://www.wikidata.org/entity/Q183>
72	DE	<http://www.wikidata.org/entity/Q183>
81	People's Republic of China	<http://www.wikidata.org/entity/Q148>
81	China	<http://www.wikidata.org/entity/Q148>
88	India	<http://www.wikidata.org/entity/Q668>
117	Canada	<http://www.wikidata.org/entity/Q16>
119	Italy	<http://www.wikidata.org/entity/Q38>
119	IT	<http://www.wikidata.org/entity/Q38>
119	ITA	<http://www.wikidata.org/entity/Q38>
38	US	<http://www.wikidata.org/entity/Q30>
38	United States	<http://www.wikidata.org/entity/Q30>
38	United States of America	<http://www.wikidata.org/entity/Q30>
38	In God We Trust	<http://www.wikidata.org/entity/Q30>
38	American	<http://www.wikidata.org/entity/Q30>
38	US	<http://www.wikidata.org/entity/Q30>
38	United States	<http://www.wikidata.org/entity/Q30>
38	United States of America (the)	<http://www.wikidata.org/entity/Q30>
71	GB	<http://www.wikidata.org/entity/Q145>
71	United Kingdom	<http://www.wikidata.org/entity/Q145>
71	GB	<http://www.wikidata.org/entity/Q145>
71	United Kingdom	<http://www.wikidata.org/entity/Q145>
71	GB	<http://www.wikidata.org/entity/Q145>
71	United Kingdom	<http://www.wikidata.org/entity/Q145>
71	GBR	<http://www.wikidata.org/entity/Q145>
71	United Kingdom of Great Britain and Northern Ireland	<http://www.wikidata.org/entity/Q145>
71	British	<http://www.wikidata.org/entity/Q145>
71	United Kingdom of Great Britain and Northern Ireland	<http://www.wikidata.org/entity/Q145>
71	UK	<http://www.wikidata.org/entity/Q145>
72	DE	<http://www.wikidata.org/entity/Q183>
72	Germany	<http://www.wikidata.org/entity/Q183>
72	DE	<http://www.wikidata.org/entity/Q183>
72	Germany	<http://www.wikidata.org/entity/Q183>
72	DE	<http://www.wikidata.org/entity/Q183>
72	Germany	<http://www.wikidata.org/entity/Q183>
72	GER	<http://www.wikidata.org/entity/Q183>
72	German	<http://www.wikidata.org/entity/Q183>
81	People's Republic of China	<http://www.wikidata.org/entity/Q148>
81	People's Republic of China	<http://www.wikidata.org/entity/Q148>
81	People's Republic of China	<http://www.wikidata.org/entity/Q148>
81	üá®üá≥	<http://www.wikidata.org/entity/Q148>
81	Chinese	<http://www.wikidata.org/entity/Q148>
81	PRC	<http://www.wikidata.org/entity/Q148>
88	IN	<http://www.wikidata.org/entity/Q668>
88	India	<http://www.wikidata.org/entity/Q668>
88	IN	<http://www.wikidata.org/entity/Q668>
88	India	<http://www.wikidata.org/entity/Q668>
88	IN	<http://www.wikidata.org/entity/Q668>
88	India	<http://www.wikidata.org/entity/Q668>
88	IND	<http://www.wikidata.org/entity/Q668>
88	IN	<http://www.wikidata.org/entity/Q668>
88	India	<http://www.wikidata.org/entity/Q668>
88	Republic of India	<http://www.wikidata.org/entity/Q668>
88	Indian	<http://www.wikidata.org/entity/Q668>
88	IN	<http://www.wikidata.org/entity/Q668>
88	India	<http://www.wikidata.org/entity/Q668>
117	CA	<http://www.wikidata.org/entity/Q16>
117	Canada	<http://www.wikidata.org/entity/Q16>
117	CA	<http://www.wikidata.org/entity/Q16>
117	Canada	<http://www.wikidata.org/entity/Q16>
117	CA	<http://www.wikidata.org/entity/Q16>
117	Canada	<http://www.wikidata.org/entity/Q16>
117	can	<http://www.wikidata.org/entity/Q16>
117	CA	<http://www.wikidata.org/entity/Q16>
117	Canada	<http://www.wikidata.org/entity/Q16>
117	Canadian	<http://www.wikidata.org/entity/Q16>
117	CA	<http://www.wikidata.org/entity/Q16>
117	Canada	<http://www.wikidata.org/entity/Q16>
119	IT	<http://www.wikidata.org/entity/Q38>
119	Italy	<http://www.wikidata.org/entity/Q38>
119	IT	<http://www.wikidata.org/entity/Q38>
119	Italy	<http://www.wikidata.org/entity/Q38>
119	IT	<http://www.wikidata.org/entity/Q38>
119	Italy	<http://www.wikidata.org/entity/Q38>
119	ITA	<http://www.wikidata.org/entity/Q38>
119	Italian	<http://www.wikidata.org/entity/Q38>
124	NO	<http://www.wikidata.org/entity/Q20>
124	Norway	<http://www.wikidata.org/entity/Q20>
124	NO	<http://www.wikidata.org/entity/Q20>
124	Norway	<http://www.wikidata.org/entity/Q20>
124	NO	<http://www.wikidata.org/entity/Q20>
124	Norway	<http://www.wikidata.org/entity/Q20>
124	Norwegen	<http://www.wikidata.org/entity/Q20>
124	Norwegian	<http://www.wikidata.org/entity/Q20>
44316917	GM	<http://www.wikidata.org/entity/Q1005>
44316917	Gambia	<http://www.wikidata.org/entity/Q1005>
44316917	GM	<http://www.wikidata.org/entity/Q1005>
44316917	Gambia	<http://www.wikidata.org/entity/Q1005>
44316917	GM	<http://www.wikidata.org/entity/Q1005>
44316917	Gambia	<http://www.wikidata.org/entity/Q1005>
44316917	GAM	<http://www.wikidata.org/entity/Q1005>
44316917	Gambian	<http://www.wikidata.org/entity/Q1005>
44316917	Gambian	<http://www.wikidata.org/entity/Q1005>
44316917	Progress, Peace, Prosperity	<http://www.wikidata.org/entity/Q1005>
44316917	Republic of The Gambia	<http://www.wikidata.org/entity/Q1005>
44326658	GN	<http://www.wikidata.org/entity/Q1006>
44326658	Guinea	<http://www.wikidata.org/entity/Q1006>
44326658	GN	<http://www.wikidata.org/entity/Q1006>
44326658	Guinea	<http://www.wikidata.org/entity/Q1006>
44326658	GN	<http://www.wikidata.org/entity/Q1006>
44326658	Guinea	<http://www.wikidata.org/entity/Q1006>
44326658	ﬂäﬂùﬂôﬂåﬂûﬂåﬂ¨ ﬂïﬂãﬂ¨ﬂüﬂãﬂìﬂã ﬂñﬂ°ﬂäﬂ¨ﬂ£ﬂä ﬂòﬂè	<http://www.wikidata.org/entity/Q1006>
44326658	Guinean	<http://www.wikidata.org/entity/Q1006>
44326658	Work, Justice, Solidarity	<http://www.wikidata.org/entity/Q1006>
44336407	GW	<http://www.wikidata.org/entity/Q1007>
44336407	Guinea-Bissau	<http://www.wikidata.org/entity/Q1007>
44336407	GW	<http://www.wikidata.org/entity/Q1007>
44336407	Guinea-Bissau	<http://www.wikidata.org/entity/Q1007>
44336407	GW	<http://www.wikidata.org/entity/Q1007>
44336407	Guinea-Bissau	<http://www.wikidata.org/entity/Q1007>
44336407	GBS	<http://www.wikidata.org/entity/Q1007>
44336407	Guinea-Bissauan	<http://www.wikidata.org/entity/Q1007>
44336407	Unity, Fight, Progress	<http://www.wikidata.org/entity/Q1007>
44346325	Ivory Coast	<http://www.wikidata.org/entity/Q1008>
44346325	Ivory Coast	<http://www.wikidata.org/entity/Q1008>
44346325	Ivory Coast	<http://www.wikidata.org/entity/Q1008>
44346325	CIV	<http://www.wikidata.org/entity/Q1008>
44346325	Unity ‚Äì Discipline ‚Äì Work	<http://www.wikidata.org/entity/Q1008>
44346325	Ivoirian	<http://www.wikidata.org/entity/Q1008>
44356177	CM	<http://www.wikidata.org/entity/Q1009>
44356177	Cameroon	<http://www.wikidata.org/entity/Q1009>
44356177	CM	<http://www.wikidata.org/entity/Q1009>
44356177	Cameroon	<http://www.wikidata.org/entity/Q1009>
44356177	CM	<http://www.wikidata.org/entity/Q1009>
44356177	Cameroon	<http://www.wikidata.org/entity/Q1009>
44356177	CAM	<http://www.wikidata.org/entity/Q1009>
44356177	Cameroonian	<http://www.wikidata.org/entity/Q1009>
44356177	Peace ‚Äì Work ‚Äì Fatherland	<http://www.wikidata.org/entity/Q1009>
44375386	CV	<http://www.wikidata.org/entity/Q1011>
44375386	Cape Verde	<http://www.wikidata.org/entity/Q1011>
44375386	CV	<http://www.wikidata.org/entity/Q1011>
44375386	Cape Verde	<http://www.wikidata.org/entity/Q1011>
44375386	CV	<http://www.wikidata.org/entity/Q1011>
44375386	Cape Verde	<http://www.wikidata.org/entity/Q1011>
44375386	üá®üáª	<http://www.wikidata.org/entity/Q1011>
44375386	Cape Verdean	<http://www.wikidata.org/entity/Q1011>
44395186	LS	<http://www.wikidata.org/entity/Q1013>
44395186	Lesotho	<http://www.wikidata.org/entity/Q1013>
44395186	LS	<http://www.wikidata.org/entity/Q1013>
44395186	Lesotho	<http://www.wikidata.org/entity/Q1013>
44395186	LS	<http://www.wikidata.org/entity/Q1013>
44395186	Lesotho	<http://www.wikidata.org/entity/Q1013>
44395186	LES	<http://www.wikidata.org/entity/Q1013>
44395186	LS	<http://www.wikidata.org/entity/Q1013>
44395186	Lesotho	<http://www.wikidata.org/entity/Q1013>
44395186	Basotho	<http://www.wikidata.org/entity/Q1013>
44395186	Peace, Rain, Prosperity	<http://www.wikidata.org/entity/Q1013>
44405202	LR	<http://www.wikidata.org/entity/Q1014>
44405202	Liberia	<http://www.wikidata.org/entity/Q1014>
44405202	LR	<http://www.wikidata.org/entity/Q1014>
44405202	Liberia	<http://www.wikidata.org/entity/Q1014>
44405202	LR	<http://www.wikidata.org/entity/Q1014>
44405202	Liberia	<http://www.wikidata.org/entity/Q1014>
44405202	LBR	<http://www.wikidata.org/entity/Q1014>
44405202	ﬂüﬂåﬂìﬂãﬂôﬂåﬂ¶ﬂäﬂ´	<http://www.wikidata.org/entity/Q1014>
44405202	Liberian	<http://www.wikidata.org/entity/Q1014>
44405202	The Love Of Liberty Brought Us Here	<http://www.wikidata.org/entity/Q1014>
44405202	Republic of Liberia	<http://www.wikidata.org/entity/Q1014>
44425157	Libya	<http://www.wikidata.org/entity/Q1016>
44425157	Libya	<http://www.wikidata.org/entity/Q1016>
44425157	Libya	<http://www.wikidata.org/entity/Q1016>
44425157	LBA	<http://www.wikidata.org/entity/Q1016>
44425157	Libyan	<http://www.wikidata.org/entity/Q1016>
44454673	MG	<http://www.wikidata.org/entity/Q1019>
44454673	Madagascar	<http://www.wikidata.org/entity/Q1019>
44454673	MG	<http://www.wikidata.org/entity/Q1019>
44454673	Madagascar	<http://www.wikidata.org/entity/Q1019>
44454673	MG	<http://www.wikidata.org/entity/Q1019>
44454673	Madagascar	<http://www.wikidata.org/entity/Q1019>
44454673	MAD	<http://www.wikidata.org/entity/Q1019>
44454673	Malagasy	<http://www.wikidata.org/entity/Q1019>
44454673	Love, Land of Our Ancestors, Progress	<http://www.wikidata.org/entity/Q1019>
44464567	MW	<http://www.wikidata.org/entity/Q1020>
44464567	Malawi	<http://www.wikidata.org/entity/Q1020>
44464567	MW	<http://www.wikidata.org/entity/Q1020>
44464567	Malawi	<http://www.wikidata.org/entity/Q1020>
44464567	MW	<http://www.wikidata.org/entity/Q1020>
44464567	Malawi	<http://www.wikidata.org/entity/Q1020>
44464567	MAW	<http://www.wikidata.org/entity/Q1020>
44464567	MW	<http://www.wikidata.org/entity/Q1020>
44464567	Malawi	<http://www.wikidata.org/entity/Q1020>
44464567	Malawian	<http://www.wikidata.org/entity/Q1020>
44464567	Unity and Freedom	<http://www.wikidata.org/entity/Q1020>
44464567	Republic of Malawi	<http://www.wikidata.org/entity/Q1020>
44514352	MR	<http://www.wikidata.org/entity/Q1025>
44514352	Mauritania	<http://www.wikidata.org/entity/Q1025>
44514352	MR	<http://www.wikidata.org/entity/Q1025>
44514352	Mauritania	<http://www.wikidata.org/entity/Q1025>
44514352	MR	<http://www.wikidata.org/entity/Q1025>
44514352	Mauritania	<http://www.wikidata.org/entity/Q1025>
44514352	MTN	<http://www.wikidata.org/entity/Q1025>
44514352	Mauritanian	<http://www.wikidata.org/entity/Q1025>
44514352	Honor, Fraternity, Justice	<http://www.wikidata.org/entity/Q1025>
44534123	MU	<http://www.wikidata.org/entity/Q1027>
44534123	Mauritius	<http://www.wikidata.org/entity/Q1027>
44534123	MU	<http://www.wikidata.org/entity/Q1027>
44534123	Mauritius	<http://www.wikidata.org/entity/Q1027>
44534123	MU	<http://www.wikidata.org/entity/Q1027>
44534123	Mauritius	<http://www.wikidata.org/entity/Q1027>
44534123	MRI	<http://www.wikidata.org/entity/Q1027>
44534123	MU	<http://www.wikidata.org/entity/Q1027>
44534123	Mauritius	<http://www.wikidata.org/entity/Q1027>
44534123	Mauritian	<http://www.wikidata.org/entity/Q1027>
44534123	Star and Key of the Indian Ocean	<http://www.wikidata.org/entity/Q1027>
44544176	MA	<http://www.wikidata.org/entity/Q1028>
44544176	Morocco	<http://www.wikidata.org/entity/Q1028>
44544176	MA	<http://www.wikidata.org/entity/Q1028>
44544176	Morocco	<http://www.wikidata.org/entity/Q1028>
44544176	MA	<http://www.wikidata.org/entity/Q1028>
44544176	Morocco	<http://www.wikidata.org/entity/Q1028>
44544176	MAR	<http://www.wikidata.org/entity/Q1028>
44544176	Allah, Al Watan, Al Malik	<http://www.wikidata.org/entity/Q1028>
44544176	Moroccan	<http://www.wikidata.org/entity/Q1028>
44553899	MZ	<http://www.wikidata.org/entity/Q1029>
44553899	Mozambique	<http://www.wikidata.org/entity/Q1029>
44553899	MZ	<http://www.wikidata.org/entity/Q1029>
44553899	Mozambique	<http://www.wikidata.org/entity/Q1029>
44553899	MZ	<http://www.wikidata.org/entity/Q1029>
44553899	Mozambique	<http://www.wikidata.org/entity/Q1029>
44553899	Republic of Mozambique	<http://www.wikidata.org/entity/Q1029>
44553899	Mozambican	<http://www.wikidata.org/entity/Q1029>
44563905	NA	<http://www.wikidata.org/entity/Q1030>
44563905	Namibia	<http://www.wikidata.org/entity/Q1030>
44563905	NA	<http://www.wikidata.org/entity/Q1030>
44563905	Namibia	<http://www.wikidata.org/entity/Q1030>
44563905	NA	<http://www.wikidata.org/entity/Q1030>
44563905	Namibia	<http://www.wikidata.org/entity/Q1030>
44563905	NAM	<http://www.wikidata.org/entity/Q1030>
44563905	NA	<http://www.wikidata.org/entity/Q1030>
44563905	Namibia	<http://www.wikidata.org/entity/Q1030>
44563905	Namibian	<http://www.wikidata.org/entity/Q1030>
44563905	Unity, Liberty, Justice	<http://www.wikidata.org/entity/Q1030>
44584028	NE	<http://www.wikidata.org/entity/Q1032>
44584028	Niger	<http://www.wikidata.org/entity/Q1032>
44584028	NE	<http://www.wikidata.org/entity/Q1032>
44584028	Niger	<http://www.wikidata.org/entity/Q1032>
44584028	NE	<http://www.wikidata.org/entity/Q1032>
44584028	Niger	<http://www.wikidata.org/entity/Q1032>
44584028	Republic of The Niger	<http://www.wikidata.org/entity/Q1032>
44584028	Nigerien	<http://www.wikidata.org/entity/Q1032>
44584028	Fraternity, Work, Progress	<http://www.wikidata.org/entity/Q1032>
44593826	NG	<http://www.wikidata.org/entity/Q1033>
44593826	Nigeria	<http://www.wikidata.org/entity/Q1033>
44593826	NG	<http://www.wikidata.org/entity/Q1033>
44593826	Nigeria	<http://www.wikidata.org/entity/Q1033>
44593826	NG	<http://www.wikidata.org/entity/Q1033>
44593826	Nigeria	<http://www.wikidata.org/entity/Q1033>
44593826	Naija	<http://www.wikidata.org/entity/Q1033>
44593826	Unity and Faith, Peace and Progress	<http://www.wikidata.org/entity/Q1033>
44593826	NG	<http://www.wikidata.org/entity/Q1033>
44593826	NG	<http://www.wikidata.org/entity/Q1033>
44593826	Nigeria	<http://www.wikidata.org/entity/Q1033>
44593826	Nigerian	<http://www.wikidata.org/entity/Q1033>
44623599	UG	<http://www.wikidata.org/entity/Q1036>
44623599	Uganda	<http://www.wikidata.org/entity/Q1036>
44623599	UG	<http://www.wikidata.org/entity/Q1036>
44623599	Uganda	<http://www.wikidata.org/entity/Q1036>
44623599	UG	<http://www.wikidata.org/entity/Q1036>
44623599	Uganda	<http://www.wikidata.org/entity/Q1036>
44623599	UGA	<http://www.wikidata.org/entity/Q1036>
44623599	UG	<http://www.wikidata.org/entity/Q1036>
44623599	Uganda	<http://www.wikidata.org/entity/Q1036>
44623599	Ugandan	<http://www.wikidata.org/entity/Q1036>
44623599	For God and My Country	<http://www.wikidata.org/entity/Q1036>
44633190	Rwanda	<http://www.wikidata.org/entity/Q1037>
44633190	Rwanda	<http://www.wikidata.org/entity/Q1037>
44633190	Rwanda	<http://www.wikidata.org/entity/Q1037>
44633190	üá∑üáº	<http://www.wikidata.org/entity/Q1037>
44633190	Rwanda	<http://www.wikidata.org/entity/Q1037>
44633190	Rwandese	<http://www.wikidata.org/entity/Q1037>
44633190	Unity, Work, Patriotism	<http://www.wikidata.org/entity/Q1037>
44652954	S√£o Tom√© and Pr√≠ncipe	<http://www.wikidata.org/entity/Q1039>
44652954	S√£o Tom√© and Pr√≠ncipe	<http://www.wikidata.org/entity/Q1039>
44652954	S√£o Tom√© and Pr√≠ncipe	<http://www.wikidata.org/entity/Q1039>
44652954	Sao Tome & Principe	<http://www.wikidata.org/entity/Q1039>
44652954	Santomean	<http://www.wikidata.org/entity/Q1039>
44652954	Unity, Discipline, Labour	<http://www.wikidata.org/entity/Q1039>
44672009	SN	<http://www.wikidata.org/entity/Q1041>
44672009	Senegal	<http://www.wikidata.org/entity/Q1041>
44672009	SN	<http://www.wikidata.org/entity/Q1041>
44672009	Senegal	<http://www.wikidata.org/entity/Q1041>
44672009	SN	<http://www.wikidata.org/entity/Q1041>
44672009	Senegal	<http://www.wikidata.org/entity/Q1041>
44672009	SEN	<http://www.wikidata.org/entity/Q1041>
44672009	Senegalese	<http://www.wikidata.org/entity/Q1041>
44672009	One People, One Goal, One Faith	<http://www.wikidata.org/entity/Q1041>
44681823	SC	<http://www.wikidata.org/entity/Q1042>
44681823	Seychelles	<http://www.wikidata.org/entity/Q1042>
44681823	SC	<http://www.wikidata.org/entity/Q1042>
44681823	Seychelles	<http://www.wikidata.org/entity/Q1042>
44681823	SC	<http://www.wikidata.org/entity/Q1042>
44681823	Seychelles	<http://www.wikidata.org/entity/Q1042>
44681823	SEY	<http://www.wikidata.org/entity/Q1042>
44681823	SC	<http://www.wikidata.org/entity/Q1042>
44681823	Seychelles	<http://www.wikidata.org/entity/Q1042>
44681823	Seychelloise	<http://www.wikidata.org/entity/Q1042>
44681823	The End Crowns the Work	<http://www.wikidata.org/entity/Q1042>
44700959	SL	<http://www.wikidata.org/entity/Q1044>
44700959	Sierra Leone	<http://www.wikidata.org/entity/Q1044>
44700959	SL	<http://www.wikidata.org/entity/Q1044>
44700959	Sierra Leone	<http://www.wikidata.org/entity/Q1044>
44700959	SL	<http://www.wikidata.org/entity/Q1044>
44700959	Sierra Leone	<http://www.wikidata.org/entity/Q1044>
44700959	SLE	<http://www.wikidata.org/entity/Q1044>
44700959	Sierra Leonean	<http://www.wikidata.org/entity/Q1044>
44700959	SL	<http://www.wikidata.org/entity/Q1044>
44700959	Sierra Leone	<http://www.wikidata.org/entity/Q1044>
44700959	Unity, Freedom, Justice	<http://www.wikidata.org/entity/Q1044>
44710595	SO	<http://www.wikidata.org/entity/Q1045>
44710595	Somalia	<http://www.wikidata.org/entity/Q1045>
44710595	SO	<http://www.wikidata.org/entity/Q1045>
44710595	Somalia	<http://www.wikidata.org/entity/Q1045>
44710595	SO	<http://www.wikidata.org/entity/Q1045>
44710595	Somalia	<http://www.wikidata.org/entity/Q1045>
44710595	SOM	<http://www.wikidata.org/entity/Q1045>
44710595	Federal Republic of Somalia	<http://www.wikidata.org/entity/Q1045>
44710595	Somalian	<http://www.wikidata.org/entity/Q1045>
44750062	SD	<http://www.wikidata.org/entity/Q1049>
44750062	Sudan	<http://www.wikidata.org/entity/Q1049>
44750062	SD	<http://www.wikidata.org/entity/Q1049>
44750062	Sudan	<http://www.wikidata.org/entity/Q1049>
44750062	SD	<http://www.wikidata.org/entity/Q1049>
44750062	Sudan	<http://www.wikidata.org/entity/Q1049>
44750062	SUD	<http://www.wikidata.org/entity/Q1049>
44750062	SD	<http://www.wikidata.org/entity/Q1049>
44750062	Sudan	<http://www.wikidata.org/entity/Q1049>
44750062	Sudanese	<http://www.wikidata.org/entity/Q1049>
44750062	Victory is ours	<http://www.wikidata.org/entity/Q1049>
44760043	Eswatini	<http://www.wikidata.org/entity/Q1050>
44760043	Eswatini	<http://www.wikidata.org/entity/Q1050>
44760043	Eswatini	<http://www.wikidata.org/entity/Q1050>
44760043	SWZ	<http://www.wikidata.org/entity/Q1050>
44760043	We are a fortress	<http://www.wikidata.org/entity/Q1050>
44760043	Kingdom of Eswatini	<http://www.wikidata.org/entity/Q1050>
44760043	Swazi	<http://www.wikidata.org/entity/Q1050>
45315728	Polska Ludowa	<http://www.wikidata.org/entity/Q11165755>
45315728	Polska Ludowa	<http://www.wikidata.org/entity/Q11165755>
45315728	Polska Ludowa	<http://www.wikidata.org/entity/Q11165755>
45631250	KE	<http://www.wikidata.org/entity/Q114>
45631250	Kenya	<http://www.wikidata.org/entity/Q114>
45631250	KE	<http://www.wikidata.org/entity/Q114>
45631250	Kenya	<http://www.wikidata.org/entity/Q114>
45631250	KE	<http://www.wikidata.org/entity/Q114>
45631250	Kenya	<http://www.wikidata.org/entity/Q114>
45631250	üá∞üá™	<http://www.wikidata.org/entity/Q114>
45631250	Kenyan	<http://www.wikidata.org/entity/Q114>
45631250	KE	<http://www.wikidata.org/entity/Q114>
45631250	Kenya	<http://www.wikidata.org/entity/Q114>
45631250	Republic of Kenya	<http://www.wikidata.org/entity/Q114>
45693182	Rattanakosin Kingdom	<http://www.wikidata.org/entity/Q1155700>
45693182	Rattanakosin Kingdom	<http://www.wikidata.org/entity/Q1155700>
45693182	Rattanakosin Kingdom	<http://www.wikidata.org/entity/Q1155700>
45693182	Rattanakosin Kingdom (1782‚Äì1932)	<http://www.wikidata.org/entity/Q1155700>
45739951	ET	<http://www.wikidata.org/entity/Q115>
45739951	Ethiopia	<http://www.wikidata.org/entity/Q115>
45739951	ET	<http://www.wikidata.org/entity/Q115>
45739951	Ethiopia	<http://www.wikidata.org/entity/Q115>
45739951	ET	<http://www.wikidata.org/entity/Q115>
45739951	Ethiopia	<http://www.wikidata.org/entity/Q115>
45739951	ETH	<http://www.wikidata.org/entity/Q115>
45739951	Ethiopian	<http://www.wikidata.org/entity/Q115>
45947834	GH	<http://www.wikidata.org/entity/Q117>
45947834	Ghana	<http://www.wikidata.org/entity/Q117>
45947834	GH	<http://www.wikidata.org/entity/Q117>
45947834	Ghana	<http://www.wikidata.org/entity/Q117>
45947834	GH	<http://www.wikidata.org/entity/Q117>
45947834	Ghana	<http://www.wikidata.org/entity/Q117>
45947834	GHA	<http://www.wikidata.org/entity/Q117>
45947834	Freedom and Justice	<http://www.wikidata.org/entity/Q117>
45947834	Ghanaian	<http://www.wikidata.org/entity/Q117>
45947834	GH	<http://www.wikidata.org/entity/Q117>
45947834	Ghana	<http://www.wikidata.org/entity/Q117>
48097455	Kingdom of Aksum	<http://www.wikidata.org/entity/Q139377>
48097455	Kingdom of Aksum	<http://www.wikidata.org/entity/Q139377>
48097455	Kingdom of Aksum	<http://www.wikidata.org/entity/Q139377>
48097455	Aksumite Empire	<http://www.wikidata.org/entity/Q139377>
48910749	State of Syria	<http://www.wikidata.org/entity/Q146880>
48910749	State of Syria	<http://www.wikidata.org/entity/Q146880>
48910749	State of Syria	<http://www.wikidata.org/entity/Q146880>
49838420	BR	<http://www.wikidata.org/entity/Q155>
49838420	Brazil	<http://www.wikidata.org/entity/Q155>
49838420	BR	<http://www.wikidata.org/entity/Q155>
49838420	Brazil	<http://www.wikidata.org/entity/Q155>
49838420	BR	<http://www.wikidata.org/entity/Q155>
49838420	Brazil	<http://www.wikidata.org/entity/Q155>
49838420	üáßüá∑	<http://www.wikidata.org/entity/Q155>
49838420	Brazilian	<http://www.wikidata.org/entity/Q155>
50857320	MP	<http://www.wikidata.org/entity/Q16644>
50857320	Northern Mariana Islands	<http://www.wikidata.org/entity/Q16644>
50857320	MP	<http://www.wikidata.org/entity/Q16644>
50857320	Northern Mariana Islands	<http://www.wikidata.org/entity/Q16644>
50857320	MP	<http://www.wikidata.org/entity/Q16644>
50857320	Northern Mariana Islands	<http://www.wikidata.org/entity/Q16644>
50857320	üá≤üáµ	<http://www.wikidata.org/entity/Q16644>
50857320	Chamorro	<http://www.wikidata.org/entity/Q16644>
50857320	MP	<http://www.wikidata.org/entity/Q16644>
50857320	Northern Mariana Islands	<http://www.wikidata.org/entity/Q16644>
52135586	JP	<http://www.wikidata.org/entity/Q17>
52135586	Japan	<http://www.wikidata.org/entity/Q17>
52135586	JP	<http://www.wikidata.org/entity/Q17>
52135586	Japan	<http://www.wikidata.org/entity/Q17>
52135586	JP	<http://www.wikidata.org/entity/Q17>
52135586	Japan	<http://www.wikidata.org/entity/Q17>
52135586	JAP	<http://www.wikidata.org/entity/Q17>
52135586	Japanese	<http://www.wikidata.org/entity/Q17>
52135586	üáØüáµ	<http://www.wikidata.org/entity/Q17>
52135586	The Land of the Rising Sun	<http://www.wikidata.org/entity/Q17>
53210866	Sovereign Military Order of Malta	<http://www.wikidata.org/entity/Q190353>
53210866	Sovereign Military Order of Malta	<http://www.wikidata.org/entity/Q190353>
53210866	Sovereign Military Order of Malta	<http://www.wikidata.org/entity/Q190353>
53210866	Sovereign Military Hospitaller Order of Saint John of Jerusalem, of Rhodes, and of Malta	<http://www.wikidata.org/entity/Q190353>
53210866	Defence of the faith and assistance to the poor	<http://www.wikidata.org/entity/Q190353>
55463070	LV	<http://www.wikidata.org/entity/Q211>
55463070	Latvia	<http://www.wikidata.org/entity/Q211>
55463070	LV	<http://www.wikidata.org/entity/Q211>
55463070	Latvia	<http://www.wikidata.org/entity/Q211>
55463070	LV	<http://www.wikidata.org/entity/Q211>
55463070	Latvia	<http://www.wikidata.org/entity/Q211>
55463070	LVA	<http://www.wikidata.org/entity/Q211>
55463070	Latvian	<http://www.wikidata.org/entity/Q211>
55679081	CZ	<http://www.wikidata.org/entity/Q213>
55679081	Czech Republic	<http://www.wikidata.org/entity/Q213>
55679081	CZ	<http://www.wikidata.org/entity/Q213>
55679081	Czech Republic	<http://www.wikidata.org/entity/Q213>
55679081	CZ	<http://www.wikidata.org/entity/Q213>
55679081	Czech Republic	<http://www.wikidata.org/entity/Q213>
55679081	Czechia	<http://www.wikidata.org/entity/Q213>
55679081	Czech	<http://www.wikidata.org/entity/Q213>
55679081	Czechia	<http://www.wikidata.org/entity/Q213>
55786407	SK	<http://www.wikidata.org/entity/Q214>
55786407	Slovakia	<http://www.wikidata.org/entity/Q214>
55786407	SK	<http://www.wikidata.org/entity/Q214>
55786407	Slovakia	<http://www.wikidata.org/entity/Q214>
55786407	SK	<http://www.wikidata.org/entity/Q214>
55786407	Slovakia	<http://www.wikidata.org/entity/Q214>
55786407	SVK	<http://www.wikidata.org/entity/Q214>
55786407	Slovak	<http://www.wikidata.org/entity/Q214>
56211424	RO	<http://www.wikidata.org/entity/Q218>
56211424	Romania	<http://www.wikidata.org/entity/Q218>
56211424	RO	<http://www.wikidata.org/entity/Q218>
56211424	Romania	<http://www.wikidata.org/entity/Q218>
56211424	RO	<http://www.wikidata.org/entity/Q218>
56211424	Romania	<http://www.wikidata.org/entity/Q218>
56211424	üá∑üá¥	<http://www.wikidata.org/entity/Q218>
56211424	Romanian	<http://www.wikidata.org/entity/Q218>
56218117	State of Palestine	<http://www.wikidata.org/entity/Q219060>
56218117	State of Palestine	<http://www.wikidata.org/entity/Q219060>
56218117	State of Palestine	<http://www.wikidata.org/entity/Q219060>
56218117	Palestine	<http://www.wikidata.org/entity/Q219060>
56218117	Palestinian	<http://www.wikidata.org/entity/Q219060>
56315328	BG	<http://www.wikidata.org/entity/Q219>
56315328	Bulgaria	<http://www.wikidata.org/entity/Q219>
56315328	BG	<http://www.wikidata.org/entity/Q219>
56315328	Bulgaria	<http://www.wikidata.org/entity/Q219>
56315328	BG	<http://www.wikidata.org/entity/Q219>
56315328	Bulgaria	<http://www.wikidata.org/entity/Q219>
56315328	BGR	<http://www.wikidata.org/entity/Q219>
56315328	Bulgarian	<http://www.wikidata.org/entity/Q219>
56852630	HR	<http://www.wikidata.org/entity/Q224>
56852630	Croatia	<http://www.wikidata.org/entity/Q224>
56852630	HR	<http://www.wikidata.org/entity/Q224>
56852630	Croatia	<http://www.wikidata.org/entity/Q224>
56852630	HR	<http://www.wikidata.org/entity/Q224>
56852630	Croatia	<http://www.wikidata.org/entity/Q224>
56852630	CRO	<http://www.wikidata.org/entity/Q224>
56852630	Croatian	<http://www.wikidata.org/entity/Q224>
57690132	KZ	<http://www.wikidata.org/entity/Q232>
57690132	Kazakhstan	<http://www.wikidata.org/entity/Q232>
57690132	KZ	<http://www.wikidata.org/entity/Q232>
57690132	Kazakhstan	<http://www.wikidata.org/entity/Q232>
57690132	KZ	<http://www.wikidata.org/entity/Q232>
57690132	Kazakhstan	<http://www.wikidata.org/entity/Q232>
57690132	KAZ	<http://www.wikidata.org/entity/Q232>
57690132	Kazakh	<http://www.wikidata.org/entity/Q232>
58122704	Montenegro	<http://www.wikidata.org/entity/Q236>
58122704	Montenegro	<http://www.wikidata.org/entity/Q236>
58122704	Montenegro	<http://www.wikidata.org/entity/Q236>
58122704	MNE	<http://www.wikidata.org/entity/Q236>
58122704	Montenegrin	<http://www.wikidata.org/entity/Q236>
58609590	Kush	<http://www.wikidata.org/entity/Q241790>
58609590	Kush	<http://www.wikidata.org/entity/Q241790>
58609590	Kush	<http://www.wikidata.org/entity/Q241790>
58609590	Kingdom of Kush	<http://www.wikidata.org/entity/Q241790>
58861863	Artsakh	<http://www.wikidata.org/entity/Q244165>
58861863	Artsakh	<http://www.wikidata.org/entity/Q244165>
58861863	Artsakh	<http://www.wikidata.org/entity/Q244165>
58861863	Republic of Artsakh	<http://www.wikidata.org/entity/Q244165>
58951624	BB	<http://www.wikidata.org/entity/Q244>
58951624	Barbados	<http://www.wikidata.org/entity/Q244>
58951624	BB	<http://www.wikidata.org/entity/Q244>
58951624	Barbados	<http://www.wikidata.org/entity/Q244>
58951624	BB	<http://www.wikidata.org/entity/Q244>
58951624	Barbados	<http://www.wikidata.org/entity/Q244>
58951624	BAR	<http://www.wikidata.org/entity/Q244>
58951624	Barbadian	<http://www.wikidata.org/entity/Q244>
58951624	Pride and Industry	<http://www.wikidata.org/entity/Q244>
58951624	BB	<http://www.wikidata.org/entity/Q244>
58951624	Barbados	<http://www.wikidata.org/entity/Q244>
59798432	ID	<http://www.wikidata.org/entity/Q252>
59798432	Indonesia	<http://www.wikidata.org/entity/Q252>
59798432	ID	<http://www.wikidata.org/entity/Q252>
59798432	Indonesia	<http://www.wikidata.org/entity/Q252>
59798432	ID	<http://www.wikidata.org/entity/Q252>
59798432	Indonesia	<http://www.wikidata.org/entity/Q252>
59798432	IDN	<http://www.wikidata.org/entity/Q252>
59798432	Indonesian	<http://www.wikidata.org/entity/Q252>
60428029	ZA	<http://www.wikidata.org/entity/Q258>
60428029	South Africa	<http://www.wikidata.org/entity/Q258>
60428029	ZA	<http://www.wikidata.org/entity/Q258>
60428029	South Africa	<http://www.wikidata.org/entity/Q258>
60428029	ZA	<http://www.wikidata.org/entity/Q258>
60428029	South Africa	<http://www.wikidata.org/entity/Q258>
60428029	zaf	<http://www.wikidata.org/entity/Q258>
60428029	South African	<http://www.wikidata.org/entity/Q258>
60428029	Republic of South Africa	<http://www.wikidata.org/entity/Q258>
60428029	«Éke e: «Äxarra «Åke	<http://www.wikidata.org/entity/Q258>
60523587	Wales	<http://www.wikidata.org/entity/Q25>
60523587	Wales	<http://www.wikidata.org/entity/Q25>
60523587	Wales	<http://www.wikidata.org/entity/Q25>
60523587	Cymru	<http://www.wikidata.org/entity/Q25>
60523587	Welsh	<http://www.wikidata.org/entity/Q25>
60523587	Long live Wales	<http://www.wikidata.org/entity/Q25>
60523587	Wales	<http://www.wikidata.org/entity/Q25>
60840339	DZ	<http://www.wikidata.org/entity/Q262>
60840339	Algeria	<http://www.wikidata.org/entity/Q262>
60840339	DZ	<http://www.wikidata.org/entity/Q262>
60840339	Algeria	<http://www.wikidata.org/entity/Q262>
60840339	DZ	<http://www.wikidata.org/entity/Q262>
60840339	Algeria	<http://www.wikidata.org/entity/Q262>
60840339	ALG	<http://www.wikidata.org/entity/Q262>
60840339	Algerian	<http://www.wikidata.org/entity/Q262>
60840339	By the people and for the people[	<http://www.wikidata.org/entity/Q262>
61164479	UZ	<http://www.wikidata.org/entity/Q265>
61164479	Uzbekistan	<http://www.wikidata.org/entity/Q265>
61164479	UZ	<http://www.wikidata.org/entity/Q265>
61164479	Uzbekistan	<http://www.wikidata.org/entity/Q265>
61164479	UZ	<http://www.wikidata.org/entity/Q265>
61164479	Uzbekistan	<http://www.wikidata.org/entity/Q265>
61164479	UZB	<http://www.wikidata.org/entity/Q265>
61164479	Uzbek	<http://www.wikidata.org/entity/Q265>
61519673	CK	<http://www.wikidata.org/entity/Q26988>
61519673	Cook Islands	<http://www.wikidata.org/entity/Q26988>
61519673	CK	<http://www.wikidata.org/entity/Q26988>
61519673	Cook Islands	<http://www.wikidata.org/entity/Q26988>
61519673	CK	<http://www.wikidata.org/entity/Q26988>
61519673	Cook Islands	<http://www.wikidata.org/entity/Q26988>
61519673	COK	<http://www.wikidata.org/entity/Q26988>
61519673	Cook Islander	<http://www.wikidata.org/entity/Q26988>
61519673	CK	<http://www.wikidata.org/entity/Q26988>
61519673	Cook Islands	<http://www.wikidata.org/entity/Q26988>
62479090	Principality of Iberia	<http://www.wikidata.org/entity/Q28055530>
62479090	Principality of Iberia	<http://www.wikidata.org/entity/Q28055530>
62479090	Principality of Iberia	<http://www.wikidata.org/entity/Q28055530>
62479090	Principate of Iberia	<http://www.wikidata.org/entity/Q28055530>
64386810	CL	<http://www.wikidata.org/entity/Q298>
64386810	Chile	<http://www.wikidata.org/entity/Q298>
64386810	CL	<http://www.wikidata.org/entity/Q298>
64386810	Chile	<http://www.wikidata.org/entity/Q298>
64386810	CL	<http://www.wikidata.org/entity/Q298>
64386810	Chile	<http://www.wikidata.org/entity/Q298>
64386810	CHI	<http://www.wikidata.org/entity/Q298>
64386810	Chilean	<http://www.wikidata.org/entity/Q298>
64386810	By Right or Might	<http://www.wikidata.org/entity/Q298>
64482035	Kingdom of the Netherlands	<http://www.wikidata.org/entity/Q29999>
64482035	Kingdom of the Netherlands	<http://www.wikidata.org/entity/Q29999>
64482035	Kingdom of the Netherlands	<http://www.wikidata.org/entity/Q29999>
64482035	üá≥üá±	<http://www.wikidata.org/entity/Q29999>
64482035	NL	<http://www.wikidata.org/entity/Q29999>
64482035	Netherlands	<http://www.wikidata.org/entity/Q29999>
64482035	Dutch	<http://www.wikidata.org/entity/Q29999>
68070330	SG	<http://www.wikidata.org/entity/Q334>
68070330	Singapore	<http://www.wikidata.org/entity/Q334>
68070330	SG	<http://www.wikidata.org/entity/Q334>
68070330	Singapore	<http://www.wikidata.org/entity/Q334>
68070330	SG	<http://www.wikidata.org/entity/Q334>
68070330	Singapore	<http://www.wikidata.org/entity/Q334>
68070330	Garden City	<http://www.wikidata.org/entity/Q334>
68070330	Republic of Singapore	<http://www.wikidata.org/entity/Q334>
68070330	Singaporean	<http://www.wikidata.org/entity/Q334>
68070330	Onward, Singapore	<http://www.wikidata.org/entity/Q334>
68637561	NU	<http://www.wikidata.org/entity/Q34020>
68637561	Niue	<http://www.wikidata.org/entity/Q34020>
68637561	NU	<http://www.wikidata.org/entity/Q34020>
68637561	Niue	<http://www.wikidata.org/entity/Q34020>
68637561	NU	<http://www.wikidata.org/entity/Q34020>
68637561	Niue	<http://www.wikidata.org/entity/Q34020>
68637561	üá≥üá∫	<http://www.wikidata.org/entity/Q34020>
68637561	Niuean	<http://www.wikidata.org/entity/Q34020>
68637561	NU	<http://www.wikidata.org/entity/Q34020>
68637561	Niue	<http://www.wikidata.org/entity/Q34020>
70757991	DK	<http://www.wikidata.org/entity/Q35>
70757991	Denmark	<http://www.wikidata.org/entity/Q35>
70757991	DK	<http://www.wikidata.org/entity/Q35>
70757991	Denmark	<http://www.wikidata.org/entity/Q35>
70757991	DK	<http://www.wikidata.org/entity/Q35>
70757991	Denmark	<http://www.wikidata.org/entity/Q35>
70757991	TAN	<http://www.wikidata.org/entity/Q35>
70757991	Dane	<http://www.wikidata.org/entity/Q35>
71846962	PL	<http://www.wikidata.org/entity/Q36>
71846962	Poland	<http://www.wikidata.org/entity/Q36>
71846962	PL	<http://www.wikidata.org/entity/Q36>
71846962	Poland	<http://www.wikidata.org/entity/Q36>
71846962	PL	<http://www.wikidata.org/entity/Q36>
71846962	Poland	<http://www.wikidata.org/entity/Q36>
71846962	üáµüá±	<http://www.wikidata.org/entity/Q36>
71846962	Polish	<http://www.wikidata.org/entity/Q36>
74996871	BH	<http://www.wikidata.org/entity/Q398>
74996871	Bahrain	<http://www.wikidata.org/entity/Q398>
74996871	BH	<http://www.wikidata.org/entity/Q398>
74996871	Bahrain	<http://www.wikidata.org/entity/Q398>
74996871	BH	<http://www.wikidata.org/entity/Q398>
74996871	Bahrain	<http://www.wikidata.org/entity/Q398>
74996871	BAH	<http://www.wikidata.org/entity/Q398>
74996871	Bahraini	<http://www.wikidata.org/entity/Q398>
75103911	CH	<http://www.wikidata.org/entity/Q39>
75103911	Switzerland	<http://www.wikidata.org/entity/Q39>
75103911	CH	<http://www.wikidata.org/entity/Q39>
75103911	Switzerland	<http://www.wikidata.org/entity/Q39>
75103911	CH	<http://www.wikidata.org/entity/Q39>
75103911	Switzerland	<http://www.wikidata.org/entity/Q39>
75103911	CH	<http://www.wikidata.org/entity/Q39>
75103911	Swiss	<http://www.wikidata.org/entity/Q39>
75495391	Sahrawi Arab Democratic Republic	<http://www.wikidata.org/entity/Q40362>
75495391	Sahrawi Arab Democratic Republic	<http://www.wikidata.org/entity/Q40362>
75495391	Sahrawi Arab Democratic Republic	<http://www.wikidata.org/entity/Q40362>
75495391	üá™üá≠	<http://www.wikidata.org/entity/Q40362>
75495391	SADR	<http://www.wikidata.org/entity/Q40362>
75495391	Liberty, Democracy, Unity	<http://www.wikidata.org/entity/Q40362>
75495391	Sahrawi	<http://www.wikidata.org/entity/Q40362>
76075669	AU	<http://www.wikidata.org/entity/Q408>
76075669	Australia	<http://www.wikidata.org/entity/Q408>
76075669	AU	<http://www.wikidata.org/entity/Q408>
76075669	Australia	<http://www.wikidata.org/entity/Q408>
76075669	AU	<http://www.wikidata.org/entity/Q408>
76075669	Australia	<http://www.wikidata.org/entity/Q408>
76075669	Straya	<http://www.wikidata.org/entity/Q408>
76075669	AU	<http://www.wikidata.org/entity/Q408>
76075669	Australia	<http://www.wikidata.org/entity/Q408>
76075669	Australian	<http://www.wikidata.org/entity/Q408>
76075669	AU	<http://www.wikidata.org/entity/Q408>
76075669	Australia	<http://www.wikidata.org/entity/Q408>
76075669	AUS	<http://www.wikidata.org/entity/Q408>
76183981	AT	<http://www.wikidata.org/entity/Q40>
76183981	Austria	<http://www.wikidata.org/entity/Q40>
76183981	AT	<http://www.wikidata.org/entity/Q40>
76183981	Austria	<http://www.wikidata.org/entity/Q40>
76183981	AT	<http://www.wikidata.org/entity/Q40>
76183981	Austria	<http://www.wikidata.org/entity/Q40>
76183981	üá¶üáπ	<http://www.wikidata.org/entity/Q40>
76183981	Austrian	<http://www.wikidata.org/entity/Q40>
76183981	AUT	<http://www.wikidata.org/entity/Q40>
76721708	AR	<http://www.wikidata.org/entity/Q414>
76721708	Argentina	<http://www.wikidata.org/entity/Q414>
76721708	AR	<http://www.wikidata.org/entity/Q414>
76721708	Argentina	<http://www.wikidata.org/entity/Q414>
76721708	AR	<http://www.wikidata.org/entity/Q414>
76721708	Argentina	<http://www.wikidata.org/entity/Q414>
76721708	ARG	<http://www.wikidata.org/entity/Q414>
76721708	Argentine	<http://www.wikidata.org/entity/Q414>
77254124	PE	<http://www.wikidata.org/entity/Q419>
77254124	Peru	<http://www.wikidata.org/entity/Q419>
77254124	PE	<http://www.wikidata.org/entity/Q419>
77254124	Peru	<http://www.wikidata.org/entity/Q419>
77254124	PE	<http://www.wikidata.org/entity/Q419>
77254124	Peru	<http://www.wikidata.org/entity/Q419>
77254124	Republica del Peru	<http://www.wikidata.org/entity/Q419>
77254124	Peruvian	<http://www.wikidata.org/entity/Q419>
77254124	Firm and Happy for the Union	<http://www.wikidata.org/entity/Q419>
77666857	North Korea	<http://www.wikidata.org/entity/Q423>
77666857	North Korea	<http://www.wikidata.org/entity/Q423>
77666857	North Korea	<http://www.wikidata.org/entity/Q423>
77666857	N. Korea	<http://www.wikidata.org/entity/Q423>
77666857	North Korean	<http://www.wikidata.org/entity/Q423>
77772542	KH	<http://www.wikidata.org/entity/Q424>
77772542	Cambodia	<http://www.wikidata.org/entity/Q424>
77772542	KH	<http://www.wikidata.org/entity/Q424>
77772542	Cambodia	<http://www.wikidata.org/entity/Q424>
77772542	KH	<http://www.wikidata.org/entity/Q424>
77772542	Cambodia	<http://www.wikidata.org/entity/Q424>
77772542	Kambodzha	<http://www.wikidata.org/entity/Q424>
77772542	Cambodian	<http://www.wikidata.org/entity/Q424>
77772542	Nation, Religion, King	<http://www.wikidata.org/entity/Q424>
79343611	TR	<http://www.wikidata.org/entity/Q43>
79343611	Turkey	<http://www.wikidata.org/entity/Q43>
79343611	TR	<http://www.wikidata.org/entity/Q43>
79343611	Turkey	<http://www.wikidata.org/entity/Q43>
79343611	TR	<http://www.wikidata.org/entity/Q43>
79343611	Turkey	<http://www.wikidata.org/entity/Q43>
79343611	TUR	<http://www.wikidata.org/entity/Q43>
79343611	Turkish	<http://www.wikidata.org/entity/Q43>
81481425	PT	<http://www.wikidata.org/entity/Q45>
81481425	Portugal	<http://www.wikidata.org/entity/Q45>
81481425	PT	<http://www.wikidata.org/entity/Q45>
81481425	Portugal	<http://www.wikidata.org/entity/Q45>
81481425	PT	<http://www.wikidata.org/entity/Q45>
81481425	Portugal	<http://www.wikidata.org/entity/Q45>
81481425	üáµüáπ	<http://www.wikidata.org/entity/Q45>
81481425	Portuguese	<http://www.wikidata.org/entity/Q45>
91196962	NL	<http://www.wikidata.org/entity/Q55>
91196962	Netherlands	<http://www.wikidata.org/entity/Q55>
91196962	NL	<http://www.wikidata.org/entity/Q55>
91196962	Netherlands	<http://www.wikidata.org/entity/Q55>
91196962	NL	<http://www.wikidata.org/entity/Q55>
91196962	Netherlands	<http://www.wikidata.org/entity/Q55>
91196962	Netherlands (after 1945)	<http://www.wikidata.org/entity/Q55>
91196962	Dutch	<http://www.wikidata.org/entity/Q55>
91483160	Uryankhay Republic	<http://www.wikidata.org/entity/Q56282578>
91483160	Uryankhay Republic	<http://www.wikidata.org/entity/Q56282578>
91483160	Uryankhay Republic	<http://www.wikidata.org/entity/Q56282578>
92751609	East Timor	<http://www.wikidata.org/entity/Q574>
92751609	East Timor	<http://www.wikidata.org/entity/Q574>
92751609	East Timor	<http://www.wikidata.org/entity/Q574>
92751609	TLS	<http://www.wikidata.org/entity/Q574>
92751609	East Timorese	<http://www.wikidata.org/entity/Q574>
101495248	TD	<http://www.wikidata.org/entity/Q657>
101495248	Chad	<http://www.wikidata.org/entity/Q657>
101495248	TD	<http://www.wikidata.org/entity/Q657>
101495248	Chad	<http://www.wikidata.org/entity/Q657>
101495248	TD	<http://www.wikidata.org/entity/Q657>
101495248	Chad	<http://www.wikidata.org/entity/Q657>
101495248	GUM	<http://www.wikidata.org/entity/Q657>
101495248	Chadian	<http://www.wikidata.org/entity/Q657>
101495248	Unity, Work, Progress	<http://www.wikidata.org/entity/Q657>
102228381	NZ	<http://www.wikidata.org/entity/Q664>
102228381	New Zealand	<http://www.wikidata.org/entity/Q664>
102228381	NZ	<http://www.wikidata.org/entity/Q664>
102228381	New Zealand	<http://www.wikidata.org/entity/Q664>
102228381	NZ	<http://www.wikidata.org/entity/Q664>
102228381	New Zealand	<http://www.wikidata.org/entity/Q664>
102228381	üá≥üáø	<http://www.wikidata.org/entity/Q664>
102228381	NZ	<http://www.wikidata.org/entity/Q664>
102228381	New Zealand	<http://www.wikidata.org/entity/Q664>
102228381	NZ	<http://www.wikidata.org/entity/Q664>
102228381	New Zealand	<http://www.wikidata.org/entity/Q664>
103054703	TV	<http://www.wikidata.org/entity/Q672>
103054703	Tuvalu	<http://www.wikidata.org/entity/Q672>
103054703	TV	<http://www.wikidata.org/entity/Q672>
103054703	Tuvalu	<http://www.wikidata.org/entity/Q672>
103054703	TV	<http://www.wikidata.org/entity/Q672>
103054703	Tuvalu	<http://www.wikidata.org/entity/Q672>
103054703	TUV	<http://www.wikidata.org/entity/Q672>
103054703	Tuvaluan	<http://www.wikidata.org/entity/Q672>
103054703	Tuvalu for the Almighty	<http://www.wikidata.org/entity/Q672>
103054703	TV	<http://www.wikidata.org/entity/Q672>
103054703	Tuvalu	<http://www.wikidata.org/entity/Q672>
104233780	WS	<http://www.wikidata.org/entity/Q683>
104233780	Samoa	<http://www.wikidata.org/entity/Q683>
104233780	WS	<http://www.wikidata.org/entity/Q683>
104233780	Samoa	<http://www.wikidata.org/entity/Q683>
104233780	WS	<http://www.wikidata.org/entity/Q683>
104233780	Samoa	<http://www.wikidata.org/entity/Q683>
104233780	üáºüá∏	<http://www.wikidata.org/entity/Q683>
104233780	Samoan	<http://www.wikidata.org/entity/Q683>
104233780	Independent State of Samoa	<http://www.wikidata.org/entity/Q683>
104233780	WS	<http://www.wikidata.org/entity/Q683>
104233780	Samoa	<http://www.wikidata.org/entity/Q683>
104449304	SB	<http://www.wikidata.org/entity/Q685>
104449304	Solomon Islands	<http://www.wikidata.org/entity/Q685>
104449304	SB	<http://www.wikidata.org/entity/Q685>
104449304	Solomon Islands	<http://www.wikidata.org/entity/Q685>
104449304	SB	<http://www.wikidata.org/entity/Q685>
104449304	Solomon Islands	<http://www.wikidata.org/entity/Q685>
104449304	SOL	<http://www.wikidata.org/entity/Q685>
104449304	SB	<http://www.wikidata.org/entity/Q685>
104449304	Solomon Islands	<http://www.wikidata.org/entity/Q685>
104449304	To Lead is to Serve	<http://www.wikidata.org/entity/Q685>
104449304	SB	<http://www.wikidata.org/entity/Q685>
104449304	Solomon Islands	<http://www.wikidata.org/entity/Q685>
104556423	VU	<http://www.wikidata.org/entity/Q686>
104556423	Vanuatu	<http://www.wikidata.org/entity/Q686>
104556423	VU	<http://www.wikidata.org/entity/Q686>
104556423	Vanuatu	<http://www.wikidata.org/entity/Q686>
104556423	VU	<http://www.wikidata.org/entity/Q686>
104556423	Vanuatu	<http://www.wikidata.org/entity/Q686>
104556423	VAN	<http://www.wikidata.org/entity/Q686>
104556423	Vanuatuan	<http://www.wikidata.org/entity/Q686>
104556423	In God we stand	<http://www.wikidata.org/entity/Q686>
104556423	Republic of Vanuatu	<http://www.wikidata.org/entity/Q686>
104556423	VU	<http://www.wikidata.org/entity/Q686>
104556423	Vanuatu	<http://www.wikidata.org/entity/Q686>
105092383	PG	<http://www.wikidata.org/entity/Q691>
105092383	Papua New Guinea	<http://www.wikidata.org/entity/Q691>
105092383	PG	<http://www.wikidata.org/entity/Q691>
105092383	Papua New Guinea	<http://www.wikidata.org/entity/Q691>
105092383	PG	<http://www.wikidata.org/entity/Q691>
105092383	Papua New Guinea	<http://www.wikidata.org/entity/Q691>
105092383	üáµüá¨	<http://www.wikidata.org/entity/Q691>
105092383	Papua New Guinean	<http://www.wikidata.org/entity/Q691>
105092383	Independent State of Papua New Guinea	<http://www.wikidata.org/entity/Q691>
105092383	PG	<http://www.wikidata.org/entity/Q691>
105092383	Papua New Guinea	<http://www.wikidata.org/entity/Q691>
105526815	PW	<http://www.wikidata.org/entity/Q695>
105526815	Palau	<http://www.wikidata.org/entity/Q695>
105526815	PW	<http://www.wikidata.org/entity/Q695>
105526815	Palau	<http://www.wikidata.org/entity/Q695>
105526815	PW	<http://www.wikidata.org/entity/Q695>
105526815	Palau	<http://www.wikidata.org/entity/Q695>
105526815	üáµüáº	<http://www.wikidata.org/entity/Q695>
105526815	Palauan	<http://www.wikidata.org/entity/Q695>
105526815	PW	<http://www.wikidata.org/entity/Q695>
105526815	PW	<http://www.wikidata.org/entity/Q695>
105526815	Palau	<http://www.wikidata.org/entity/Q695>
105745523	NR	<http://www.wikidata.org/entity/Q697>
105745523	Nauru	<http://www.wikidata.org/entity/Q697>
105745523	NR	<http://www.wikidata.org/entity/Q697>
105745523	Nauru	<http://www.wikidata.org/entity/Q697>
105745523	NR	<http://www.wikidata.org/entity/Q697>
105745523	Nauru	<http://www.wikidata.org/entity/Q697>
105745523	üá≥üá∑	<http://www.wikidata.org/entity/Q697>
105745523	Nauruan	<http://www.wikidata.org/entity/Q697>
105745523	God's will first	<http://www.wikidata.org/entity/Q697>
105745523	NR	<http://www.wikidata.org/entity/Q697>
105745523	Nauru	<http://www.wikidata.org/entity/Q697>
106291442	Federated States of Micronesia	<http://www.wikidata.org/entity/Q702>
106291442	Federated States of Micronesia	<http://www.wikidata.org/entity/Q702>
106291442	Federated States of Micronesia	<http://www.wikidata.org/entity/Q702>
106291442	üá´üá≤	<http://www.wikidata.org/entity/Q702>
106291442	Micronesian	<http://www.wikidata.org/entity/Q702>
106291442	FM	<http://www.wikidata.org/entity/Q702>
106291442	Peace, Unity, Liberty	<http://www.wikidata.org/entity/Q702>
107047757	MH	<http://www.wikidata.org/entity/Q709>
107047757	Marshall Islands	<http://www.wikidata.org/entity/Q709>
107047757	MH	<http://www.wikidata.org/entity/Q709>
107047757	Marshall Islands	<http://www.wikidata.org/entity/Q709>
107047757	MH	<http://www.wikidata.org/entity/Q709>
107047757	Marshall Islands	<http://www.wikidata.org/entity/Q709>
107047757	MHL	<http://www.wikidata.org/entity/Q709>
107047757	Marshallese	<http://www.wikidata.org/entity/Q709>
107047757	MH	<http://www.wikidata.org/entity/Q709>
107047757	Accomplishment through joint effort	<http://www.wikidata.org/entity/Q709>
107047757	MH	<http://www.wikidata.org/entity/Q709>
107047757	Marshall Islands	<http://www.wikidata.org/entity/Q709>
107157389	KI	<http://www.wikidata.org/entity/Q710>
107157389	Kiribati	<http://www.wikidata.org/entity/Q710>
107157389	KI	<http://www.wikidata.org/entity/Q710>
107157389	Kiribati	<http://www.wikidata.org/entity/Q710>
107157389	KI	<http://www.wikidata.org/entity/Q710>
107157389	Kiribati	<http://www.wikidata.org/entity/Q710>
107157389	KIR	<http://www.wikidata.org/entity/Q710>
107157389	I-Kiribati	<http://www.wikidata.org/entity/Q710>
107157389	KI	<http://www.wikidata.org/entity/Q710>
107157389	Kiribati	<http://www.wikidata.org/entity/Q710>
107157389	Republic of Kiribati	<http://www.wikidata.org/entity/Q710>
107266530	MN	<http://www.wikidata.org/entity/Q711>
107266530	Mongolia	<http://www.wikidata.org/entity/Q711>
107266530	MN	<http://www.wikidata.org/entity/Q711>
107266530	Mongolia	<http://www.wikidata.org/entity/Q711>
107266530	MN	<http://www.wikidata.org/entity/Q711>
107266530	Mongolia	<http://www.wikidata.org/entity/Q711>
107266530	MGL	<http://www.wikidata.org/entity/Q711>
107266530	Mongolian	<http://www.wikidata.org/entity/Q711>
107376326	FJ	<http://www.wikidata.org/entity/Q712>
107376326	Fiji	<http://www.wikidata.org/entity/Q712>
107376326	FJ	<http://www.wikidata.org/entity/Q712>
107376326	Fiji	<http://www.wikidata.org/entity/Q712>
107376326	FJ	<http://www.wikidata.org/entity/Q712>
107376326	Fiji	<http://www.wikidata.org/entity/Q712>
107376326	Republic of the Fiji Islands	<http://www.wikidata.org/entity/Q712>
107376326	Republic of Fiji	<http://www.wikidata.org/entity/Q712>
107376326	Fijian	<http://www.wikidata.org/entity/Q712>
107376326	Fear God and honour the Queen	<http://www.wikidata.org/entity/Q712>
107376326	FJ	<http://www.wikidata.org/entity/Q712>
107376326	Fiji	<http://www.wikidata.org/entity/Q712>
107376326	FJ	<http://www.wikidata.org/entity/Q712>
107376326	Fiji	<http://www.wikidata.org/entity/Q712>
107924375	VE	<http://www.wikidata.org/entity/Q717>
107924375	Venezuela	<http://www.wikidata.org/entity/Q717>
107924375	VE	<http://www.wikidata.org/entity/Q717>
107924375	Venezuela	<http://www.wikidata.org/entity/Q717>
107924375	VE	<http://www.wikidata.org/entity/Q717>
107924375	Venezuela	<http://www.wikidata.org/entity/Q717>
107924375	VEN	<http://www.wikidata.org/entity/Q717>
107924375	Venezuelans	<http://www.wikidata.org/entity/Q717>
107924375	Bolivarian Republic of Venezuela	<http://www.wikidata.org/entity/Q717>
109653037	PY	<http://www.wikidata.org/entity/Q733>
109653037	Paraguay	<http://www.wikidata.org/entity/Q733>
109653037	PY	<http://www.wikidata.org/entity/Q733>
109653037	Paraguay	<http://www.wikidata.org/entity/Q733>
109653037	PY	<http://www.wikidata.org/entity/Q733>
109653037	Paraguay	<http://www.wikidata.org/entity/Q733>
109653037	Heart of South America	<http://www.wikidata.org/entity/Q733>
109653037	Paraguayan	<http://www.wikidata.org/entity/Q733>
109653037	Peace and justice	<http://www.wikidata.org/entity/Q733>
109761364	GY	<http://www.wikidata.org/entity/Q734>
109761364	Guyana	<http://www.wikidata.org/entity/Q734>
109761364	GY	<http://www.wikidata.org/entity/Q734>
109761364	Guyana	<http://www.wikidata.org/entity/Q734>
109761364	GY	<http://www.wikidata.org/entity/Q734>
109761364	Guyana	<http://www.wikidata.org/entity/Q734>
109761364	GUY	<http://www.wikidata.org/entity/Q734>
109761364	Guyanese	<http://www.wikidata.org/entity/Q734>
109761364	One People, One Nation, One Destiny	<http://www.wikidata.org/entity/Q734>
109761364	Co-operative Republic of Guyana	<http://www.wikidata.org/entity/Q734>
109761364	GY	<http://www.wikidata.org/entity/Q734>
109761364	Guyana	<http://www.wikidata.org/entity/Q734>
109978878	EC	<http://www.wikidata.org/entity/Q736>
109978878	Ecuador	<http://www.wikidata.org/entity/Q736>
109978878	EC	<http://www.wikidata.org/entity/Q736>
109978878	Ecuador	<http://www.wikidata.org/entity/Q736>
109978878	EC	<http://www.wikidata.org/entity/Q736>
109978878	Ecuador	<http://www.wikidata.org/entity/Q736>
109978878	üá™üá®	<http://www.wikidata.org/entity/Q736>
109978878	Ecuadoran	<http://www.wikidata.org/entity/Q736>
109978878	EC	<http://www.wikidata.org/entity/Q736>
109978878	Republic of Ecuador	<http://www.wikidata.org/entity/Q736>
110304488	CO	<http://www.wikidata.org/entity/Q739>
110304488	Colombia	<http://www.wikidata.org/entity/Q739>
110304488	CO	<http://www.wikidata.org/entity/Q739>
110304488	Colombia	<http://www.wikidata.org/entity/Q739>
110304488	CO	<http://www.wikidata.org/entity/Q739>
110304488	Colombia	<http://www.wikidata.org/entity/Q739>
110304488	Cartagena, Colombia	<http://www.wikidata.org/entity/Q739>
110304488	Colombian	<http://www.wikidata.org/entity/Q739>
110304488	Freedom and Order	<http://www.wikidata.org/entity/Q739>
111375418	BO	<http://www.wikidata.org/entity/Q750>
111375418	Bolivia	<http://www.wikidata.org/entity/Q750>
111375418	BO	<http://www.wikidata.org/entity/Q750>
111375418	Bolivia	<http://www.wikidata.org/entity/Q750>
111375418	BO	<http://www.wikidata.org/entity/Q750>
111375418	Bolivia	<http://www.wikidata.org/entity/Q750>
111375418	BOL	<http://www.wikidata.org/entity/Q750>
111375418	Bolivian	<http://www.wikidata.org/entity/Q750>
111375418	Unity is Strength	<http://www.wikidata.org/entity/Q750>
111798106	TT	<http://www.wikidata.org/entity/Q754>
111798106	Trinidad and Tobago	<http://www.wikidata.org/entity/Q754>
111798106	TT	<http://www.wikidata.org/entity/Q754>
111798106	Trinidad and Tobago	<http://www.wikidata.org/entity/Q754>
111798106	TT	<http://www.wikidata.org/entity/Q754>
111798106	Trinidad and Tobago	<http://www.wikidata.org/entity/Q754>
111798106	TTO	<http://www.wikidata.org/entity/Q754>
111798106	Trinidadian	<http://www.wikidata.org/entity/Q754>
111798106	Together We Aspire, Together We Achieve	<http://www.wikidata.org/entity/Q754>
111798106	TT	<http://www.wikidata.org/entity/Q754>
111798106	Trinidad and Tobago	<http://www.wikidata.org/entity/Q754>
111798106	Republic of Trinidad and Tobago	<http://www.wikidata.org/entity/Q754>
112122775	VC	<http://www.wikidata.org/entity/Q757>
112122775	Saint Vincent and the Grenadines	<http://www.wikidata.org/entity/Q757>
112122775	VC	<http://www.wikidata.org/entity/Q757>
112122775	Saint Vincent and the Grenadines	<http://www.wikidata.org/entity/Q757>
112122775	VC	<http://www.wikidata.org/entity/Q757>
112122775	Saint Vincent and the Grenadines	<http://www.wikidata.org/entity/Q757>
112122775	üáªüá®	<http://www.wikidata.org/entity/Q757>
112122775	Vincy	<http://www.wikidata.org/entity/Q757>
112122775	Peace and Justice	<http://www.wikidata.org/entity/Q757>
112122775	VC	<http://www.wikidata.org/entity/Q757>
112122775	Saint Vincent and the Grenadines	<http://www.wikidata.org/entity/Q757>
112451456	LC	<http://www.wikidata.org/entity/Q760>
112451456	Saint Lucia	<http://www.wikidata.org/entity/Q760>
112451456	LC	<http://www.wikidata.org/entity/Q760>
112451456	Saint Lucia	<http://www.wikidata.org/entity/Q760>
112451456	LC	<http://www.wikidata.org/entity/Q760>
112451456	Saint Lucia	<http://www.wikidata.org/entity/Q760>
112451456	üá±üá®	<http://www.wikidata.org/entity/Q760>
112451456	Saint Lucian	<http://www.wikidata.org/entity/Q760>
112451456	The Land, The People, The Light	<http://www.wikidata.org/entity/Q760>
112451456	LC	<http://www.wikidata.org/entity/Q760>
112451456	Saint Lucia	<http://www.wikidata.org/entity/Q760>
112776177	KN	<http://www.wikidata.org/entity/Q763>
112776177	Saint Kitts and Nevis	<http://www.wikidata.org/entity/Q763>
112776177	KN	<http://www.wikidata.org/entity/Q763>
112776177	Saint Kitts and Nevis	<http://www.wikidata.org/entity/Q763>
112776177	KN	<http://www.wikidata.org/entity/Q763>
112776177	Saint Kitts and Nevis	<http://www.wikidata.org/entity/Q763>
112776177	Kitts & Nevis	<http://www.wikidata.org/entity/Q763>
112776177	Nevisian	<http://www.wikidata.org/entity/Q763>
112776177	Country Above Self	<http://www.wikidata.org/entity/Q763>
112776177	Federation of Saint Kitts and Nevis	<http://www.wikidata.org/entity/Q763>
112776177	KN	<http://www.wikidata.org/entity/Q763>
112776177	Saint Kitts and Nevis	<http://www.wikidata.org/entity/Q763>
113099989	JM	<http://www.wikidata.org/entity/Q766>
113099989	Jamaica	<http://www.wikidata.org/entity/Q766>
113099989	JM	<http://www.wikidata.org/entity/Q766>
113099989	Jamaica	<http://www.wikidata.org/entity/Q766>
113099989	JM	<http://www.wikidata.org/entity/Q766>
113099989	Jamaica	<http://www.wikidata.org/entity/Q766>
113099989	JAM	<http://www.wikidata.org/entity/Q766>
113099989	Jamaican	<http://www.wikidata.org/entity/Q766>
113099989	Out of Many, One People	<http://www.wikidata.org/entity/Q766>
113099989	JM	<http://www.wikidata.org/entity/Q766>
113099989	Jamaica	<http://www.wikidata.org/entity/Q766>
113099989	JM	<http://www.wikidata.org/entity/Q766>
113099989	Jamaica	<http://www.wikidata.org/entity/Q766>
113425589	GD	<http://www.wikidata.org/entity/Q769>
113425589	Grenada	<http://www.wikidata.org/entity/Q769>
113425589	GD	<http://www.wikidata.org/entity/Q769>
113425589	Grenada	<http://www.wikidata.org/entity/Q769>
113425589	GD	<http://www.wikidata.org/entity/Q769>
113425589	Grenada	<http://www.wikidata.org/entity/Q769>
113425589	GRN	<http://www.wikidata.org/entity/Q769>
113425589	Grenadian	<http://www.wikidata.org/entity/Q769>
113425589	Ever Conscious of God We Aspire, Build and Advance as One People	<http://www.wikidata.org/entity/Q769>
113425589	GD	<http://www.wikidata.org/entity/Q769>
113425589	Grenada	<http://www.wikidata.org/entity/Q769>
113960756	GT	<http://www.wikidata.org/entity/Q774>
113960756	Guatemala	<http://www.wikidata.org/entity/Q774>
113960756	GT	<http://www.wikidata.org/entity/Q774>
113960756	Guatemala	<http://www.wikidata.org/entity/Q774>
113960756	GT	<http://www.wikidata.org/entity/Q774>
113960756	Guatemala	<http://www.wikidata.org/entity/Q774>
113960756	GUA	<http://www.wikidata.org/entity/Q774>
113960756	Guatemalan	<http://www.wikidata.org/entity/Q774>
114397870	BS	<http://www.wikidata.org/entity/Q778>
114397870	Bahamas	<http://www.wikidata.org/entity/Q778>
114397870	BS	<http://www.wikidata.org/entity/Q778>
114397870	Bahamas	<http://www.wikidata.org/entity/Q778>
114397870	BS	<http://www.wikidata.org/entity/Q778>
114397870	Bahamas	<http://www.wikidata.org/entity/Q778>
114397870	Bahama Islands	<http://www.wikidata.org/entity/Q778>
114397870	Bahamian	<http://www.wikidata.org/entity/Q778>
114397870	Forward, Upward, Onward, Together	<http://www.wikidata.org/entity/Q778>
114397870	Commonwealth of the Bahamas	<http://www.wikidata.org/entity/Q778>
114397870	BS	<http://www.wikidata.org/entity/Q778>
114397870	Bahamas	<http://www.wikidata.org/entity/Q778>
114506097	UY	<http://www.wikidata.org/entity/Q77>
114506097	Uruguay	<http://www.wikidata.org/entity/Q77>
114506097	UY	<http://www.wikidata.org/entity/Q77>
114506097	Uruguay	<http://www.wikidata.org/entity/Q77>
114506097	UY	<http://www.wikidata.org/entity/Q77>
114506097	Uruguay	<http://www.wikidata.org/entity/Q77>
114506097	URU	<http://www.wikidata.org/entity/Q77>
114506097	Uruguayan	<http://www.wikidata.org/entity/Q77>
114723365	AG	<http://www.wikidata.org/entity/Q781>
114723365	Antigua and Barbuda	<http://www.wikidata.org/entity/Q781>
114723365	AG	<http://www.wikidata.org/entity/Q781>
114723365	Antigua and Barbuda	<http://www.wikidata.org/entity/Q781>
114723365	AG	<http://www.wikidata.org/entity/Q781>
114723365	Antigua and Barbuda	<http://www.wikidata.org/entity/Q781>
114723365	ANT	<http://www.wikidata.org/entity/Q781>
114723365	AG	<http://www.wikidata.org/entity/Q781>
114723365	Antigua and Barbuda	<http://www.wikidata.org/entity/Q781>
114723365	Each Endeavouring, All Achieving	<http://www.wikidata.org/entity/Q781>
114723365	AG	<http://www.wikidata.org/entity/Q781>
114723365	Antigua and Barbuda	<http://www.wikidata.org/entity/Q781>
114942573	HN	<http://www.wikidata.org/entity/Q783>
114942573	Honduras	<http://www.wikidata.org/entity/Q783>
114942573	HN	<http://www.wikidata.org/entity/Q783>
114942573	Honduras	<http://www.wikidata.org/entity/Q783>
114942573	HN	<http://www.wikidata.org/entity/Q783>
114942573	Honduras	<http://www.wikidata.org/entity/Q783>
114942573	HON	<http://www.wikidata.org/entity/Q783>
114942573	Catracho	<http://www.wikidata.org/entity/Q783>
115052458	DM	<http://www.wikidata.org/entity/Q784>
115052458	Dominica	<http://www.wikidata.org/entity/Q784>
115052458	DM	<http://www.wikidata.org/entity/Q784>
115052458	Dominica	<http://www.wikidata.org/entity/Q784>
115052458	DM	<http://www.wikidata.org/entity/Q784>
115052458	Dominica	<http://www.wikidata.org/entity/Q784>
115052458	DMA	<http://www.wikidata.org/entity/Q784>
115052458	Dominican	<http://www.wikidata.org/entity/Q784>
115052458	DM	<http://www.wikidata.org/entity/Q784>
115052458	Dominica	<http://www.wikidata.org/entity/Q784>
115052458	After God is the earth	<http://www.wikidata.org/entity/Q784>
115271373	DO	<http://www.wikidata.org/entity/Q786>
115271373	Dominican Republic	<http://www.wikidata.org/entity/Q786>
115271373	DO	<http://www.wikidata.org/entity/Q786>
115271373	Dominican Republic	<http://www.wikidata.org/entity/Q786>
115271373	DO	<http://www.wikidata.org/entity/Q786>
115271373	Dominican Republic	<http://www.wikidata.org/entity/Q786>
115271373	Republica Dominicana	<http://www.wikidata.org/entity/Q786>
115271373	Dominican	<http://www.wikidata.org/entity/Q786>
115709319	HT	<http://www.wikidata.org/entity/Q790>
115709319	Haiti	<http://www.wikidata.org/entity/Q790>
115709319	HT	<http://www.wikidata.org/entity/Q790>
115709319	Haiti	<http://www.wikidata.org/entity/Q790>
115709319	HT	<http://www.wikidata.org/entity/Q790>
115709319	Haiti	<http://www.wikidata.org/entity/Q790>
115709319	HAI	<http://www.wikidata.org/entity/Q790>
115709319	Haitian	<http://www.wikidata.org/entity/Q790>
115927455	SV	<http://www.wikidata.org/entity/Q792>
115927455	El Salvador	<http://www.wikidata.org/entity/Q792>
115927455	SV	<http://www.wikidata.org/entity/Q792>
115927455	El Salvador	<http://www.wikidata.org/entity/Q792>
115927455	SV	<http://www.wikidata.org/entity/Q792>
115927455	El Salvador	<http://www.wikidata.org/entity/Q792>
115927455	ESA	<http://www.wikidata.org/entity/Q792>
115927455	Salvadoran	<http://www.wikidata.org/entity/Q792>
115927455	God, Unity, Freedom	<http://www.wikidata.org/entity/Q792>
116139412	Iran	<http://www.wikidata.org/entity/Q794>
116139412	Iran	<http://www.wikidata.org/entity/Q794>
116139412	Iran	<http://www.wikidata.org/entity/Q794>
116139412	Republic of Iran	<http://www.wikidata.org/entity/Q794>
116139412	Persian	<http://www.wikidata.org/entity/Q794>
116337263	IQ	<http://www.wikidata.org/entity/Q796>
116337263	Iraq	<http://www.wikidata.org/entity/Q796>
116337263	IQ	<http://www.wikidata.org/entity/Q796>
116337263	Iraq	<http://www.wikidata.org/entity/Q796>
116337263	IQ	<http://www.wikidata.org/entity/Q796>
116337263	Iraq	<http://www.wikidata.org/entity/Q796>
116337263	IRQ	<http://www.wikidata.org/entity/Q796>
116337263	Iraqi	<http://www.wikidata.org/entity/Q796>
116664911	EG	<http://www.wikidata.org/entity/Q79>
116664911	Egypt	<http://www.wikidata.org/entity/Q79>
116664911	EG	<http://www.wikidata.org/entity/Q79>
116664911	Egypt	<http://www.wikidata.org/entity/Q79>
116664911	EG	<http://www.wikidata.org/entity/Q79>
116664911	Egypt	<http://www.wikidata.org/entity/Q79>
116664911	Rep. Egypt	<http://www.wikidata.org/entity/Q79>
116664911	Egyptian	<http://www.wikidata.org/entity/Q79>
116774796	CR	<http://www.wikidata.org/entity/Q800>
116774796	Costa Rica	<http://www.wikidata.org/entity/Q800>
116774796	CR	<http://www.wikidata.org/entity/Q800>
116774796	Costa Rica	<http://www.wikidata.org/entity/Q800>
116774796	CR	<http://www.wikidata.org/entity/Q800>
116774796	Costa Rica	<http://www.wikidata.org/entity/Q800>
116774796	CRC	<http://www.wikidata.org/entity/Q800>
116774796	Costa Rican	<http://www.wikidata.org/entity/Q800>
116884279	IL	<http://www.wikidata.org/entity/Q801>
116884279	Israel	<http://www.wikidata.org/entity/Q801>
116884279	IL	<http://www.wikidata.org/entity/Q801>
116884279	Israel	<http://www.wikidata.org/entity/Q801>
116884279	IL	<http://www.wikidata.org/entity/Q801>
116884279	Israel	<http://www.wikidata.org/entity/Q801>
116884279	ISR	<http://www.wikidata.org/entity/Q801>
116884279	Israelis	<http://www.wikidata.org/entity/Q801>
117297898	YE	<http://www.wikidata.org/entity/Q805>
117297898	Yemen	<http://www.wikidata.org/entity/Q805>
117297898	YE	<http://www.wikidata.org/entity/Q805>
117297898	Yemen	<http://www.wikidata.org/entity/Q805>
117297898	YE	<http://www.wikidata.org/entity/Q805>
117297898	Yemen	<http://www.wikidata.org/entity/Q805>
117297898	YEM	<http://www.wikidata.org/entity/Q805>
117297898	Yemeni	<http://www.wikidata.org/entity/Q805>
117839074	JO	<http://www.wikidata.org/entity/Q810>
117839074	Jordan	<http://www.wikidata.org/entity/Q810>
117839074	JO	<http://www.wikidata.org/entity/Q810>
117839074	Jordan	<http://www.wikidata.org/entity/Q810>
117839074	JO	<http://www.wikidata.org/entity/Q810>
117839074	Jordan	<http://www.wikidata.org/entity/Q810>
117839074	üáØüá¥	<http://www.wikidata.org/entity/Q810>
117839074	Jordanian	<http://www.wikidata.org/entity/Q810>
117947012	NI	<http://www.wikidata.org/entity/Q811>
117947012	Nicaragua	<http://www.wikidata.org/entity/Q811>
117947012	NI	<http://www.wikidata.org/entity/Q811>
117947012	Nicaragua	<http://www.wikidata.org/entity/Q811>
117947012	NI	<http://www.wikidata.org/entity/Q811>
117947012	Nicaragua	<http://www.wikidata.org/entity/Q811>
117947012	NCA	<http://www.wikidata.org/entity/Q811>
117947012	Nicaraguan	<http://www.wikidata.org/entity/Q811>
118164736	KG	<http://www.wikidata.org/entity/Q813>
118164736	Kyrgyzstan	<http://www.wikidata.org/entity/Q813>
118164736	KG	<http://www.wikidata.org/entity/Q813>
118164736	Kyrgyzstan	<http://www.wikidata.org/entity/Q813>
118164736	KG	<http://www.wikidata.org/entity/Q813>
118164736	Kyrgyzstan	<http://www.wikidata.org/entity/Q813>
118164736	KGZ	<http://www.wikidata.org/entity/Q813>
118164736	Kyrgyzstani	<http://www.wikidata.org/entity/Q813>
118819413	Laos	<http://www.wikidata.org/entity/Q819>
118819413	Laos	<http://www.wikidata.org/entity/Q819>
118819413	Laos	<http://www.wikidata.org/entity/Q819>
118819413	LAO	<http://www.wikidata.org/entity/Q819>
118819413	Lao	<http://www.wikidata.org/entity/Q819>
118819413	Peace, independence, democracy, unity and prosperity	<http://www.wikidata.org/entity/Q819>
119136269	LB	<http://www.wikidata.org/entity/Q822>
119136269	Lebanon	<http://www.wikidata.org/entity/Q822>
119136269	LB	<http://www.wikidata.org/entity/Q822>
119136269	Lebanon	<http://www.wikidata.org/entity/Q822>
119136269	LB	<http://www.wikidata.org/entity/Q822>
119136269	Lebanon	<http://www.wikidata.org/entity/Q822>
119136269	LBN	<http://www.wikidata.org/entity/Q822>
119136269	Lebanese	<http://www.wikidata.org/entity/Q822>
119566958	MV	<http://www.wikidata.org/entity/Q826>
119566958	Maldives	<http://www.wikidata.org/entity/Q826>
119566958	MV	<http://www.wikidata.org/entity/Q826>
119566958	Maldives	<http://www.wikidata.org/entity/Q826>
119566958	MV	<http://www.wikidata.org/entity/Q826>
119566958	Maldives	<http://www.wikidata.org/entity/Q826>
119566958	MDV	<http://www.wikidata.org/entity/Q826>
119566958	Maldivian	<http://www.wikidata.org/entity/Q826>
119566958	üá≤üáª	<http://www.wikidata.org/entity/Q826>
120318278	MY	<http://www.wikidata.org/entity/Q833>
120318278	Malaysia	<http://www.wikidata.org/entity/Q833>
120318278	MY	<http://www.wikidata.org/entity/Q833>
120318278	Malaysia	<http://www.wikidata.org/entity/Q833>
120318278	MY	<http://www.wikidata.org/entity/Q833>
120318278	Malaysia	<http://www.wikidata.org/entity/Q833>
120318278	MYS	<http://www.wikidata.org/entity/Q833>
120318278	Malaysian	<http://www.wikidata.org/entity/Q833>
120318278	MY	<http://www.wikidata.org/entity/Q833>
120318278	Malaysia	<http://www.wikidata.org/entity/Q833>
120640862	MM	<http://www.wikidata.org/entity/Q836>
120640862	Myanmar	<http://www.wikidata.org/entity/Q836>
120640862	MM	<http://www.wikidata.org/entity/Q836>
120640862	Myanmar	<http://www.wikidata.org/entity/Q836>
120640862	MM	<http://www.wikidata.org/entity/Q836>
120640862	Myanmar	<http://www.wikidata.org/entity/Q836>
120640862	MYA	<http://www.wikidata.org/entity/Q836>
120640862	Myanma	<http://www.wikidata.org/entity/Q836>
120640862	Union of Burma	<http://www.wikidata.org/entity/Q836>
120640862	Burma	<http://www.wikidata.org/entity/Q836>
120749340	NP	<http://www.wikidata.org/entity/Q837>
120749340	Nepal	<http://www.wikidata.org/entity/Q837>
120749340	NP	<http://www.wikidata.org/entity/Q837>
120749340	Nepal	<http://www.wikidata.org/entity/Q837>
120749340	NP	<http://www.wikidata.org/entity/Q837>
120749340	Nepal	<http://www.wikidata.org/entity/Q837>
120749340	üá≥üáµ	<http://www.wikidata.org/entity/Q837>
120749340	Nepali	<http://www.wikidata.org/entity/Q837>
120749340	Mother and Motherland are Greater than Heaven	<http://www.wikidata.org/entity/Q837>
121122763	OM	<http://www.wikidata.org/entity/Q842>
121122763	Oman	<http://www.wikidata.org/entity/Q842>
121122763	OM	<http://www.wikidata.org/entity/Q842>
121122763	Oman	<http://www.wikidata.org/entity/Q842>
121122763	OM	<http://www.wikidata.org/entity/Q842>
121122763	Oman	<http://www.wikidata.org/entity/Q842>
121122763	Sultanate of Oman	<http://www.wikidata.org/entity/Q842>
121122763	Omani	<http://www.wikidata.org/entity/Q842>
121133258	PK	<http://www.wikidata.org/entity/Q843>
121133258	Pakistan	<http://www.wikidata.org/entity/Q843>
121133258	PK	<http://www.wikidata.org/entity/Q843>
121133258	Pakistan	<http://www.wikidata.org/entity/Q843>
121133258	PK	<http://www.wikidata.org/entity/Q843>
121133258	Pakistan	<http://www.wikidata.org/entity/Q843>
121133258	PAK	<http://www.wikidata.org/entity/Q843>
121133258	Pakistani	<http://www.wikidata.org/entity/Q843>
121133258	PK	<http://www.wikidata.org/entity/Q843>
121133258	Pakistan	<http://www.wikidata.org/entity/Q843>
121163594	QA	<http://www.wikidata.org/entity/Q846>
121163594	Qatar	<http://www.wikidata.org/entity/Q846>
121163594	QA	<http://www.wikidata.org/entity/Q846>
121163594	Qatar	<http://www.wikidata.org/entity/Q846>
121163594	QA	<http://www.wikidata.org/entity/Q846>
121163594	Qatar	<http://www.wikidata.org/entity/Q846>
121163594	üá∂üá¶	<http://www.wikidata.org/entity/Q846>
121163594	Qatari	<http://www.wikidata.org/entity/Q846>
121215104	SA	<http://www.wikidata.org/entity/Q851>
121215104	Saudi Arabia	<http://www.wikidata.org/entity/Q851>
121215104	SA	<http://www.wikidata.org/entity/Q851>
121215104	Saudi Arabia	<http://www.wikidata.org/entity/Q851>
121215104	SA	<http://www.wikidata.org/entity/Q851>
121215104	Saudi Arabia	<http://www.wikidata.org/entity/Q851>
121215104	sa	<http://www.wikidata.org/entity/Q851>
121240013	LK	<http://www.wikidata.org/entity/Q854>
121240013	Sri Lanka	<http://www.wikidata.org/entity/Q854>
121240013	LK	<http://www.wikidata.org/entity/Q854>
121240013	Sri Lanka	<http://www.wikidata.org/entity/Q854>
121240013	LK	<http://www.wikidata.org/entity/Q854>
121240013	Sri Lanka	<http://www.wikidata.org/entity/Q854>
121240013	SRI	<http://www.wikidata.org/entity/Q854>
121240013	Sri Lankan	<http://www.wikidata.org/entity/Q854>
121278526	Syria	<http://www.wikidata.org/entity/Q858>
121278526	Syria	<http://www.wikidata.org/entity/Q858>
121278526	Syria	<http://www.wikidata.org/entity/Q858>
121278526	Ba'athist Syria	<http://www.wikidata.org/entity/Q858>
121278526	Syrian	<http://www.wikidata.org/entity/Q858>
121330179	TJ	<http://www.wikidata.org/entity/Q863>
121330179	Tajikistan	<http://www.wikidata.org/entity/Q863>
121330179	TJ	<http://www.wikidata.org/entity/Q863>
121330179	Tajikistan	<http://www.wikidata.org/entity/Q863>
121330179	TJ	<http://www.wikidata.org/entity/Q863>
121330179	Tajikistan	<http://www.wikidata.org/entity/Q863>
121330179	TJK	<http://www.wikidata.org/entity/Q863>
121330179	Tajikistani	<http://www.wikidata.org/entity/Q863>
121393364	TH	<http://www.wikidata.org/entity/Q869>
121393364	Thailand	<http://www.wikidata.org/entity/Q869>
121393364	TH	<http://www.wikidata.org/entity/Q869>
121393364	Thailand	<http://www.wikidata.org/entity/Q869>
121393364	TH	<http://www.wikidata.org/entity/Q869>
121393364	Thailand	<http://www.wikidata.org/entity/Q869>
121393364	THA	<http://www.wikidata.org/entity/Q869>
121393364	Thai	<http://www.wikidata.org/entity/Q869>
121393364	Land of Smiles	<http://www.wikidata.org/entity/Q869>
121445695	TM	<http://www.wikidata.org/entity/Q874>
121445695	Turkmenistan	<http://www.wikidata.org/entity/Q874>
121445695	TM	<http://www.wikidata.org/entity/Q874>
121445695	Turkmenistan	<http://www.wikidata.org/entity/Q874>
121445695	TM	<http://www.wikidata.org/entity/Q874>
121445695	Turkmenistan	<http://www.wikidata.org/entity/Q874>
121445695	TKM	<http://www.wikidata.org/entity/Q874>
121445695	Turkmen	<http://www.wikidata.org/entity/Q874>
121487387	AE	<http://www.wikidata.org/entity/Q878>
121487387	United Arab Emirates	<http://www.wikidata.org/entity/Q878>
121487387	AE	<http://www.wikidata.org/entity/Q878>
121487387	United Arab Emirates	<http://www.wikidata.org/entity/Q878>
121487387	AE	<http://www.wikidata.org/entity/Q878>
121487387	United Arab Emirates	<http://www.wikidata.org/entity/Q878>
121487387	the Emirates	<http://www.wikidata.org/entity/Q878>
121487387	Emiri	<http://www.wikidata.org/entity/Q878>
121517543	Vietnam	<http://www.wikidata.org/entity/Q881>
121517543	Vietnam	<http://www.wikidata.org/entity/Q881>
121517543	Vietnam	<http://www.wikidata.org/entity/Q881>
121517543	VIE	<http://www.wikidata.org/entity/Q881>
121517543	Vietnamese	<http://www.wikidata.org/entity/Q881>
121517543	Independence ‚Äì Freedom ‚Äì Happiness	<http://www.wikidata.org/entity/Q881>
121517543	Socialist Republic of Vietnam	<http://www.wikidata.org/entity/Q881>
121517543	VN	<http://www.wikidata.org/entity/Q881>
121542789	South Korea	<http://www.wikidata.org/entity/Q884>
121542789	South Korea	<http://www.wikidata.org/entity/Q884>
121542789	South Korea	<http://www.wikidata.org/entity/Q884>
121542789	KOR	<http://www.wikidata.org/entity/Q884>
121542789	South Korean	<http://www.wikidata.org/entity/Q884>
121542789	Republic of Korea	<http://www.wikidata.org/entity/Q884>
121594657	AF	<http://www.wikidata.org/entity/Q889>
121594657	Afghanistan	<http://www.wikidata.org/entity/Q889>
121594657	AF	<http://www.wikidata.org/entity/Q889>
121594657	Afghanistan	<http://www.wikidata.org/entity/Q889>
121594657	AF	<http://www.wikidata.org/entity/Q889>
121594657	Afghanistan	<http://www.wikidata.org/entity/Q889>
121594657	AFG	<http://www.wikidata.org/entity/Q889>
121723811	BD	<http://www.wikidata.org/entity/Q902>
121723811	Bangladesh	<http://www.wikidata.org/entity/Q902>
121723811	BD	<http://www.wikidata.org/entity/Q902>
121723811	Bangladesh	<http://www.wikidata.org/entity/Q902>
121723811	BD	<http://www.wikidata.org/entity/Q902>
121723811	Bangladesh	<http://www.wikidata.org/entity/Q902>
121723811	BAN	<http://www.wikidata.org/entity/Q902>
121723811	Bangladeshi	<http://www.wikidata.org/entity/Q902>
121766192	Pridnestrovie	<http://www.wikidata.org/entity/Q907112>
121766192	Pridnestrovie	<http://www.wikidata.org/entity/Q907112>
121766192	Pridnestrovie	<http://www.wikidata.org/entity/Q907112>
121766192	Republic of Pridnestrovie	<http://www.wikidata.org/entity/Q907112>
121766192	Pridnestrovian	<http://www.wikidata.org/entity/Q907112>
121822823	ML	<http://www.wikidata.org/entity/Q912>
121822823	Mali	<http://www.wikidata.org/entity/Q912>
121822823	ML	<http://www.wikidata.org/entity/Q912>
121822823	Mali	<http://www.wikidata.org/entity/Q912>
121822823	ML	<http://www.wikidata.org/entity/Q912>
121822823	Mali	<http://www.wikidata.org/entity/Q912>
121822823	MLI	<http://www.wikidata.org/entity/Q912>
121822823	One people, one goal, one faith	<http://www.wikidata.org/entity/Q912>
121822823	Malian	<http://www.wikidata.org/entity/Q912>
121863771	AO	<http://www.wikidata.org/entity/Q916>
121863771	Angola	<http://www.wikidata.org/entity/Q916>
121863771	AO	<http://www.wikidata.org/entity/Q916>
121863771	Angola	<http://www.wikidata.org/entity/Q916>
121863771	AO	<http://www.wikidata.org/entity/Q916>
121863771	Angola	<http://www.wikidata.org/entity/Q916>
121863771	ANG	<http://www.wikidata.org/entity/Q916>
121863771	Angolan	<http://www.wikidata.org/entity/Q916>
121874041	BT	<http://www.wikidata.org/entity/Q917>
121874041	Bhutan	<http://www.wikidata.org/entity/Q917>
121874041	BT	<http://www.wikidata.org/entity/Q917>
121874041	Bhutan	<http://www.wikidata.org/entity/Q917>
121874041	BT	<http://www.wikidata.org/entity/Q917>
121874041	Bhutan	<http://www.wikidata.org/entity/Q917>
121874041	BHU	<http://www.wikidata.org/entity/Q917>
121874041	Bhutanese	<http://www.wikidata.org/entity/Q917>
121914527	Brunei	<http://www.wikidata.org/entity/Q921>
121914527	Brunei	<http://www.wikidata.org/entity/Q921>
121914527	Brunei	<http://www.wikidata.org/entity/Q921>
121914527	BRU	<http://www.wikidata.org/entity/Q921>
121914527	Bruneian	<http://www.wikidata.org/entity/Q921>
121914527	Always in service with God's guidance	<http://www.wikidata.org/entity/Q921>
121914527	Brunei	<http://www.wikidata.org/entity/Q921>
121944479	Tanzania	<http://www.wikidata.org/entity/Q924>
121944479	Tanzania	<http://www.wikidata.org/entity/Q924>
121944479	Tanzania	<http://www.wikidata.org/entity/Q924>
121944479	United Republic of Tanganyika and Zanzibar	<http://www.wikidata.org/entity/Q924>
121944479	Tanzanian	<http://www.wikidata.org/entity/Q924>
121986315	PH	<http://www.wikidata.org/entity/Q928>
121986315	Philippines	<http://www.wikidata.org/entity/Q928>
121986315	PH	<http://www.wikidata.org/entity/Q928>
121986315	Philippines	<http://www.wikidata.org/entity/Q928>
121986315	PH	<http://www.wikidata.org/entity/Q928>
121986315	Philippines	<http://www.wikidata.org/entity/Q928>
121986315	PHI	<http://www.wikidata.org/entity/Q928>
121986315	Filipina	<http://www.wikidata.org/entity/Q928>
121986315	RP	<http://www.wikidata.org/entity/Q928>
121986315	PH	<http://www.wikidata.org/entity/Q928>
121986315	Philippines	<http://www.wikidata.org/entity/Q928>
121996617	CF	<http://www.wikidata.org/entity/Q929>
121996617	Central African Republic	<http://www.wikidata.org/entity/Q929>
121996617	CF	<http://www.wikidata.org/entity/Q929>
121996617	Central African Republic	<http://www.wikidata.org/entity/Q929>
121996617	CF	<http://www.wikidata.org/entity/Q929>
121996617	Central African Republic	<http://www.wikidata.org/entity/Q929>
121996617	CAF	<http://www.wikidata.org/entity/Q929>
121996617	Central African	<http://www.wikidata.org/entity/Q929>
121996617	Unity, Dignity, Work	<http://www.wikidata.org/entity/Q929>
122158596	TG	<http://www.wikidata.org/entity/Q945>
122158596	Togo	<http://www.wikidata.org/entity/Q945>
122158596	TG	<http://www.wikidata.org/entity/Q945>
122158596	Togo	<http://www.wikidata.org/entity/Q945>
122158596	TG	<http://www.wikidata.org/entity/Q945>
122158596	Togo	<http://www.wikidata.org/entity/Q945>
122158596	TOG	<http://www.wikidata.org/entity/Q945>
122158596	Togolese	<http://www.wikidata.org/entity/Q945>
122158596	Work, Liberty, Homeland	<http://www.wikidata.org/entity/Q945>
122189018	TN	<http://www.wikidata.org/entity/Q948>
122189018	Tunisia	<http://www.wikidata.org/entity/Q948>
122189018	TN	<http://www.wikidata.org/entity/Q948>
122189018	Tunisia	<http://www.wikidata.org/entity/Q948>
122189018	TN	<http://www.wikidata.org/entity/Q948>
122189018	Tunisia	<http://www.wikidata.org/entity/Q948>
122189018	TUN	<http://www.wikidata.org/entity/Q948>
122189018	Tunisian	<http://www.wikidata.org/entity/Q948>
122189018	freedom, dignity, justice, and order	<http://www.wikidata.org/entity/Q948>
122189018	Republic of Tunisia	<http://www.wikidata.org/entity/Q948>
122239499	ZM	<http://www.wikidata.org/entity/Q953>
122239499	Zambia	<http://www.wikidata.org/entity/Q953>
122239499	ZM	<http://www.wikidata.org/entity/Q953>
122239499	Zambia	<http://www.wikidata.org/entity/Q953>
122239499	ZM	<http://www.wikidata.org/entity/Q953>
122239499	Zambia	<http://www.wikidata.org/entity/Q953>
122239499	üáøüá≤	<http://www.wikidata.org/entity/Q953>
122239499	Zambian	<http://www.wikidata.org/entity/Q953>
122239499	One Zambia, One Nation	<http://www.wikidata.org/entity/Q953>
122239499	ZM	<http://www.wikidata.org/entity/Q953>
122239499	Zambia	<http://www.wikidata.org/entity/Q953>
122239499	Republic of Zambia	<http://www.wikidata.org/entity/Q953>
122249393	ZW	<http://www.wikidata.org/entity/Q954>
122249393	Zimbabwe	<http://www.wikidata.org/entity/Q954>
122249393	ZW	<http://www.wikidata.org/entity/Q954>
122249393	Zimbabwe	<http://www.wikidata.org/entity/Q954>
122249393	ZW	<http://www.wikidata.org/entity/Q954>
122249393	Zimbabwe	<http://www.wikidata.org/entity/Q954>
122249393	ZIM	<http://www.wikidata.org/entity/Q954>
122249393	Zimbabwean	<http://www.wikidata.org/entity/Q954>
122249393	Unity, Freedom, Work	<http://www.wikidata.org/entity/Q954>
122249393	ZW	<http://www.wikidata.org/entity/Q954>
122249393	Zimbabwe	<http://www.wikidata.org/entity/Q954>
122291068	South Sudan	<http://www.wikidata.org/entity/Q958>
122291068	South Sudan	<http://www.wikidata.org/entity/Q958>
122291068	South Sudan	<http://www.wikidata.org/entity/Q958>
122291068	SSD	<http://www.wikidata.org/entity/Q958>
122291068	South Sudanese	<http://www.wikidata.org/entity/Q958>
122291068	Justice, Liberty, Prosperity	<http://www.wikidata.org/entity/Q958>
122332540	BJ	<http://www.wikidata.org/entity/Q962>
122332540	Benin	<http://www.wikidata.org/entity/Q962>
122332540	BJ	<http://www.wikidata.org/entity/Q962>
122332540	Benin	<http://www.wikidata.org/entity/Q962>
122332540	BJ	<http://www.wikidata.org/entity/Q962>
122332540	Benin	<http://www.wikidata.org/entity/Q962>
122332540	BEN	<http://www.wikidata.org/entity/Q962>
122332540	Beninese	<http://www.wikidata.org/entity/Q962>
122332540	Fraternity, Justice, Labour	<http://www.wikidata.org/entity/Q962>
122342835	BW	<http://www.wikidata.org/entity/Q963>
122342835	Botswana	<http://www.wikidata.org/entity/Q963>
122342835	BW	<http://www.wikidata.org/entity/Q963>
122342835	Botswana	<http://www.wikidata.org/entity/Q963>
122342835	BW	<http://www.wikidata.org/entity/Q963>
122342835	Botswana	<http://www.wikidata.org/entity/Q963>
122342835	BOT	<http://www.wikidata.org/entity/Q963>
122342835	Botswanan	<http://www.wikidata.org/entity/Q963>
122342835	Rain	<http://www.wikidata.org/entity/Q963>
122342835	BW	<http://www.wikidata.org/entity/Q963>
122342835	Botswana	<http://www.wikidata.org/entity/Q963>
122363383	BF	<http://www.wikidata.org/entity/Q965>
122363383	Burkina Faso	<http://www.wikidata.org/entity/Q965>
122363383	BF	<http://www.wikidata.org/entity/Q965>
122363383	Burkina Faso	<http://www.wikidata.org/entity/Q965>
122363383	BF	<http://www.wikidata.org/entity/Q965>
122363383	Burkina Faso	<http://www.wikidata.org/entity/Q965>
122363383	üáßüá´	<http://www.wikidata.org/entity/Q965>
122363383	Burkinabe	<http://www.wikidata.org/entity/Q965>
122383550	BI	<http://www.wikidata.org/entity/Q967>
122383550	Burundi	<http://www.wikidata.org/entity/Q967>
122383550	BI	<http://www.wikidata.org/entity/Q967>
122383550	Burundi	<http://www.wikidata.org/entity/Q967>
122383550	BI	<http://www.wikidata.org/entity/Q967>
122383550	Burundi	<http://www.wikidata.org/entity/Q967>
122383550	BDI	<http://www.wikidata.org/entity/Q967>
122383550	Burundian	<http://www.wikidata.org/entity/Q967>
122403838	MX	<http://www.wikidata.org/entity/Q96>
122403838	Mexico	<http://www.wikidata.org/entity/Q96>
122403838	MX	<http://www.wikidata.org/entity/Q96>
122403838	Mexico	<http://www.wikidata.org/entity/Q96>
122403838	MX	<http://www.wikidata.org/entity/Q96>
122403838	Mexico	<http://www.wikidata.org/entity/Q96>
122403838	MEX	<http://www.wikidata.org/entity/Q96>
122403838	Mexican	<http://www.wikidata.org/entity/Q96>
122413479	KM	<http://www.wikidata.org/entity/Q970>
122413479	Comoros	<http://www.wikidata.org/entity/Q970>
122413479	KM	<http://www.wikidata.org/entity/Q970>
122413479	Comoros	<http://www.wikidata.org/entity/Q970>
122413479	KM	<http://www.wikidata.org/entity/Q970>
122413479	Comoros	<http://www.wikidata.org/entity/Q970>
122413479	COM	<http://www.wikidata.org/entity/Q970>
122413479	Comorian	<http://www.wikidata.org/entity/Q970>
122413479	Unity ‚Äì Solidarity ‚Äì Development	<http://www.wikidata.org/entity/Q970>
122423090	Republic of the Congo	<http://www.wikidata.org/entity/Q971>
122423090	Republic of the Congo	<http://www.wikidata.org/entity/Q971>
122423090	Republic of the Congo	<http://www.wikidata.org/entity/Q971>
122423090	CGO	<http://www.wikidata.org/entity/Q971>
122423090	Congolese	<http://www.wikidata.org/entity/Q971>
122423090	Unity, Work, Progress	<http://www.wikidata.org/entity/Q971>
122452069	Democratic Republic of the Congo	<http://www.wikidata.org/entity/Q974>
122452069	Democratic Republic of the Congo	<http://www.wikidata.org/entity/Q974>
122452069	Democratic Republic of the Congo	<http://www.wikidata.org/entity/Q974>
122452069	COD	<http://www.wikidata.org/entity/Q974>
122452069	Congolese	<http://www.wikidata.org/entity/Q974>
122452069	Justice ‚Äì Peace ‚Äì Work	<http://www.wikidata.org/entity/Q974>
122481695	DJ	<http://www.wikidata.org/entity/Q977>
122481695	Djibouti	<http://www.wikidata.org/entity/Q977>
122481695	DJ	<http://www.wikidata.org/entity/Q977>
122481695	Djibouti	<http://www.wikidata.org/entity/Q977>
122481695	DJ	<http://www.wikidata.org/entity/Q977>
122481695	Djibouti	<http://www.wikidata.org/entity/Q977>
122481695	DJI	<http://www.wikidata.org/entity/Q977>
122481695	Djiboutian	<http://www.wikidata.org/entity/Q977>
122481695	Unity, Equality, Peace	<http://www.wikidata.org/entity/Q977>
122568943	ER	<http://www.wikidata.org/entity/Q986>
122568943	Eritrea	<http://www.wikidata.org/entity/Q986>
122568943	ER	<http://www.wikidata.org/entity/Q986>
122568943	Eritrea	<http://www.wikidata.org/entity/Q986>
122568943	ER	<http://www.wikidata.org/entity/Q986>
122568943	Eritrea	<http://www.wikidata.org/entity/Q986>
122568943	IRI	<http://www.wikidata.org/entity/Q986>
122568943	Eritrean	<http://www.wikidata.org/entity/Q986>