44570898	LeechFTP	<http://www.wikidata.org/entity/Q10316874>
44570898	LeechFTP	<http://www.wikidata.org/entity/Q10316874>
44570898	LeechFTP	<http://www.wikidata.org/entity/Q10316874>
44583661	Microsoft Office Excel 2007	<http://www.wikidata.org/entity/Q10329635>
44583661	Microsoft Office Excel 2007	<http://www.wikidata.org/entity/Q10329635>
44583661	Microsoft Office Excel 2007	<http://www.wikidata.org/entity/Q10329635>
44583661	Microsoft Excel 2007	<http://www.wikidata.org/entity/Q10329635>
44724409	IBrowse	<http://www.wikidata.org/entity/Q1047428>
44724409	IBrowse	<http://www.wikidata.org/entity/Q1047428>
44724409	IBrowse	<http://www.wikidata.org/entity/Q1047428>
44882776	XMPlay	<http://www.wikidata.org/entity/Q1063722>
44882776	XMPlay	<http://www.wikidata.org/entity/Q1063722>
44882776	XMPlay	<http://www.wikidata.org/entity/Q1063722>
45098004	Unibook	<http://www.wikidata.org/entity/Q10853145>
45098004	Unibook	<http://www.wikidata.org/entity/Q10853145>
45098004	Unibook	<http://www.wikidata.org/entity/Q10853145>
45103570	Couchbase Server	<http://www.wikidata.org/entity/Q10858568>
45103570	Couchbase Server	<http://www.wikidata.org/entity/Q10858568>
45103570	Couchbase Server	<http://www.wikidata.org/entity/Q10858568>
45213338	Gosling Emacs	<http://www.wikidata.org/entity/Q1099561>
45213338	Gosling Emacs	<http://www.wikidata.org/entity/Q1099561>
45213338	Gosling Emacs	<http://www.wikidata.org/entity/Q1099561>
45269400	Transifex	<http://www.wikidata.org/entity/Q1109012>
45269400	Transifex	<http://www.wikidata.org/entity/Q1109012>
45269400	Transifex	<http://www.wikidata.org/entity/Q1109012>
45356995	Windows Vista	<http://www.wikidata.org/entity/Q11230>
45356995	Windows Vista	<http://www.wikidata.org/entity/Q11230>
45356995	Windows Vista	<http://www.wikidata.org/entity/Q11230>
45356995	Windows 6	<http://www.wikidata.org/entity/Q11230>
45356995	Longhorn	<http://www.wikidata.org/entity/Q11230>
45377796	Microsoft Office	<http://www.wikidata.org/entity/Q11255>
45377796	Microsoft Office	<http://www.wikidata.org/entity/Q11255>
45377796	Microsoft Office	<http://www.wikidata.org/entity/Q11255>
45377796	Office	<http://www.wikidata.org/entity/Q11255>
45382738	Microsoft Word	<http://www.wikidata.org/entity/Q11261>
45382738	Microsoft Word	<http://www.wikidata.org/entity/Q11261>
45382738	Microsoft Word	<http://www.wikidata.org/entity/Q11261>
45382738	Microsoft Office Word	<http://www.wikidata.org/entity/Q11261>
45416273	Xelo PDF	<http://www.wikidata.org/entity/Q11298685>
45416273	Xelo PDF	<http://www.wikidata.org/entity/Q11298685>
45416273	Xelo PDF	<http://www.wikidata.org/entity/Q11298685>
45460713	Internet Information Services	<http://www.wikidata.org/entity/Q11341>
45460713	Internet Information Services	<http://www.wikidata.org/entity/Q11341>
45460713	Internet Information Services	<http://www.wikidata.org/entity/Q11341>
45460713	Microsoft Internet Information Services	<http://www.wikidata.org/entity/Q11341>
45520861	XenForo	<http://www.wikidata.org/entity/Q1139757>
45520861	XenForo	<http://www.wikidata.org/entity/Q1139757>
45520861	XenForo	<http://www.wikidata.org/entity/Q1139757>
45520861	xenforo.com	<http://www.wikidata.org/entity/Q1139757>
45631145	Character Viewer	<http://www.wikidata.org/entity/Q11499907>
45631145	Character Viewer	<http://www.wikidata.org/entity/Q11499907>
45631145	Character Viewer	<http://www.wikidata.org/entity/Q11499907>
45855389	Imagine	<http://www.wikidata.org/entity/Q11711787>
45855389	Imagine	<http://www.wikidata.org/entity/Q11711787>
45855389	Imagine	<http://www.wikidata.org/entity/Q11711787>
46059265	MathType	<http://www.wikidata.org/entity/Q1191074>
46059265	MathType	<http://www.wikidata.org/entity/Q1191074>
46059265	MathType	<http://www.wikidata.org/entity/Q1191074>
46154981	Derive	<http://www.wikidata.org/entity/Q1200212>
46154981	Derive	<http://www.wikidata.org/entity/Q1200212>
46154981	Derive	<http://www.wikidata.org/entity/Q1200212>
46255463	NO$GBA	<http://www.wikidata.org/entity/Q1210078>
46255463	NO$GBA	<http://www.wikidata.org/entity/Q1210078>
46255463	NO$GBA	<http://www.wikidata.org/entity/Q1210078>
46255463	No Cash GBA	<http://www.wikidata.org/entity/Q1210078>
46488719	IBM Lotus SmartSuite	<http://www.wikidata.org/entity/Q123390>
46488719	IBM Lotus SmartSuite	<http://www.wikidata.org/entity/Q123390>
46488719	IBM Lotus SmartSuite	<http://www.wikidata.org/entity/Q123390>
46488719	Lotus SuperOffice	<http://www.wikidata.org/entity/Q123390>
46664199	Wakanda	<http://www.wikidata.org/entity/Q1251023>
46664199	Wakanda	<http://www.wikidata.org/entity/Q1251023>
46664199	Wakanda	<http://www.wikidata.org/entity/Q1251023>
46739030	Microsoft Korean IME	<http://www.wikidata.org/entity/Q12581547>
46739030	Microsoft Korean IME	<http://www.wikidata.org/entity/Q12581547>
46739030	Microsoft Korean IME	<http://www.wikidata.org/entity/Q12581547>
46739143	macOS Korean Input Method	<http://www.wikidata.org/entity/Q12581658>
46739143	macOS Korean Input Method	<http://www.wikidata.org/entity/Q12581658>
46739143	macOS Korean Input Method	<http://www.wikidata.org/entity/Q12581658>
46747698	Nalgaeset	<http://www.wikidata.org/entity/Q12589736>
46747698	Nalgaeset	<http://www.wikidata.org/entity/Q12589736>
46747698	Nalgaeset	<http://www.wikidata.org/entity/Q12589736>
46948812	EasyChair	<http://www.wikidata.org/entity/Q1278323>
46948812	EasyChair	<http://www.wikidata.org/entity/Q1278323>
46948812	EasyChair	<http://www.wikidata.org/entity/Q1278323>
47734951	Jira	<http://www.wikidata.org/entity/Q1359246>
47734951	Jira	<http://www.wikidata.org/entity/Q1359246>
47734951	Jira	<http://www.wikidata.org/entity/Q1359246>
47734951	JIRA	<http://www.wikidata.org/entity/Q1359246>
47834233	Program Manager	<http://www.wikidata.org/entity/Q1369902>
47834233	Program Manager	<http://www.wikidata.org/entity/Q1369902>
47834233	Program Manager	<http://www.wikidata.org/entity/Q1369902>
47871780	Internet Explorer 11	<http://www.wikidata.org/entity/Q13733263>
47871780	Internet Explorer 11	<http://www.wikidata.org/entity/Q13733263>
47871780	Internet Explorer 11	<http://www.wikidata.org/entity/Q13733263>
47871780	IE 11	<http://www.wikidata.org/entity/Q13733263>
47920541	RenderWare	<http://www.wikidata.org/entity/Q1377750>
47920541	RenderWare	<http://www.wikidata.org/entity/Q1377750>
47920541	RenderWare	<http://www.wikidata.org/entity/Q1377750>
48019831	FBReader	<http://www.wikidata.org/entity/Q1386743>
48019831	FBReader	<http://www.wikidata.org/entity/Q1386743>
48019831	FBReader	<http://www.wikidata.org/entity/Q1386743>
48038253	Strava	<http://www.wikidata.org/entity/Q13884156>
48038253	Strava	<http://www.wikidata.org/entity/Q13884156>
48038253	Strava	<http://www.wikidata.org/entity/Q13884156>
48140115	FastTracker 2	<http://www.wikidata.org/entity/Q1397639>
48140115	FastTracker 2	<http://www.wikidata.org/entity/Q1397639>
48140115	FastTracker 2	<http://www.wikidata.org/entity/Q1397639>
48243267	Microsoft Windows	<http://www.wikidata.org/entity/Q1406>
48243267	Microsoft Windows	<http://www.wikidata.org/entity/Q1406>
48243267	Microsoft Windows	<http://www.wikidata.org/entity/Q1406>
48243267	Win	<http://www.wikidata.org/entity/Q1406>
48294936	macOS	<http://www.wikidata.org/entity/Q14116>
48294936	macOS	<http://www.wikidata.org/entity/Q14116>
48294936	macOS	<http://www.wikidata.org/entity/Q14116>
48294936	OSX	<http://www.wikidata.org/entity/Q14116>
48294936	macOS	<http://www.wikidata.org/entity/Q14116>
48296956	MacPaint	<http://www.wikidata.org/entity/Q1411882>
48296956	MacPaint	<http://www.wikidata.org/entity/Q1411882>
48296956	MacPaint	<http://www.wikidata.org/entity/Q1411882>
48351491	Skype for Business	<http://www.wikidata.org/entity/Q1416838>
48351491	Skype for Business	<http://www.wikidata.org/entity/Q1416838>
48351491	Skype for Business	<http://www.wikidata.org/entity/Q1416838>
48351491	Skype Empresarial	<http://www.wikidata.org/entity/Q1416838>
48496791	MacWrite	<http://www.wikidata.org/entity/Q1430257>
48496791	MacWrite	<http://www.wikidata.org/entity/Q1430257>
48496791	MacWrite	<http://www.wikidata.org/entity/Q1430257>
48513011	Volkov Commander	<http://www.wikidata.org/entity/Q1431723>
48513011	Volkov Commander	<http://www.wikidata.org/entity/Q1431723>
48513011	Volkov Commander	<http://www.wikidata.org/entity/Q1431723>
48939001	Kerbal Space Program	<http://www.wikidata.org/entity/Q1471545>
48939001	Kerbal Space Program	<http://www.wikidata.org/entity/Q1471545>
48939001	Kerbal Space Program	<http://www.wikidata.org/entity/Q1471545>
48939001	KSP	<http://www.wikidata.org/entity/Q1471545>
49736287	86-DOS	<http://www.wikidata.org/entity/Q1550345>
49736287	86-DOS	<http://www.wikidata.org/entity/Q1550345>
49736287	86-DOS	<http://www.wikidata.org/entity/Q1550345>
49736287	QDOS	<http://www.wikidata.org/entity/Q1550345>
49864271	HAFAS	<http://www.wikidata.org/entity/Q1562706>
49864271	HAFAS	<http://www.wikidata.org/entity/Q1562706>
49864271	HAFAS	<http://www.wikidata.org/entity/Q1562706>
49864271	HaCon Fahrplan-Auskunfts-System	<http://www.wikidata.org/entity/Q1562706>
49999314	Internet Explorer	<http://www.wikidata.org/entity/Q1575>
49999314	Internet Explorer	<http://www.wikidata.org/entity/Q1575>
49999314	Internet Explorer	<http://www.wikidata.org/entity/Q1575>
49999314	MSIE	<http://www.wikidata.org/entity/Q1575>
50028053	Boxcryptor	<http://www.wikidata.org/entity/Q15789574>
50028053	Boxcryptor	<http://www.wikidata.org/entity/Q15789574>
50028053	Boxcryptor	<http://www.wikidata.org/entity/Q15789574>
50493955	Nexuiz	<http://www.wikidata.org/entity/Q16258976>
50493955	Nexuiz	<http://www.wikidata.org/entity/Q16258976>
50493955	Nexuiz	<http://www.wikidata.org/entity/Q16258976>
50518265	Neo4j	<http://www.wikidata.org/entity/Q1628290>
50518265	Neo4j	<http://www.wikidata.org/entity/Q1628290>
50518265	Neo4j	<http://www.wikidata.org/entity/Q1628290>
50759667	iCalamus	<http://www.wikidata.org/entity/Q1653352>
50759667	iCalamus	<http://www.wikidata.org/entity/Q1653352>
50759667	iCalamus	<http://www.wikidata.org/entity/Q1653352>
50838481	WinImp	<http://www.wikidata.org/entity/Q16623311>
50838481	WinImp	<http://www.wikidata.org/entity/Q16623311>
50838481	WinImp	<http://www.wikidata.org/entity/Q16623311>
50927961	Intrexx	<http://www.wikidata.org/entity/Q1671587>
50927961	Intrexx	<http://www.wikidata.org/entity/Q1671587>
50927961	Intrexx	<http://www.wikidata.org/entity/Q1671587>
51012031	PC Keeper	<http://www.wikidata.org/entity/Q16801158>
51012031	PC Keeper	<http://www.wikidata.org/entity/Q16801158>
51012031	PC Keeper	<http://www.wikidata.org/entity/Q16801158>
51293394	TokuMX	<http://www.wikidata.org/entity/Q17087084>
51293394	TokuMX	<http://www.wikidata.org/entity/Q17087084>
51293394	TokuMX	<http://www.wikidata.org/entity/Q17087084>
51553156	Perfect Dark	<http://www.wikidata.org/entity/Q1734019>
51553156	Perfect Dark	<http://www.wikidata.org/entity/Q1734019>
51553156	Perfect Dark	<http://www.wikidata.org/entity/Q1734019>
51783797	Roxio Creator	<http://www.wikidata.org/entity/Q1757811>
51783797	Roxio Creator	<http://www.wikidata.org/entity/Q1757811>
51783797	Roxio Creator	<http://www.wikidata.org/entity/Q1757811>
52296517	PrivatOS	<http://www.wikidata.org/entity/Q18155010>
52296517	PrivatOS	<http://www.wikidata.org/entity/Q18155010>
52296517	PrivatOS	<http://www.wikidata.org/entity/Q18155010>
52296517	Silent OS	<http://www.wikidata.org/entity/Q18155010>
52298241	VGA-Copy	<http://www.wikidata.org/entity/Q18156805>
52298241	VGA-Copy	<http://www.wikidata.org/entity/Q18156805>
52298241	VGA-Copy	<http://www.wikidata.org/entity/Q18156805>
52308511	Windows 10	<http://www.wikidata.org/entity/Q18168774>
52308511	Windows 10	<http://www.wikidata.org/entity/Q18168774>
52308511	Windows 10	<http://www.wikidata.org/entity/Q18168774>
52308511	Win10	<http://www.wikidata.org/entity/Q18168774>
52308511	Redstone	<http://www.wikidata.org/entity/Q18168774>
52355372	Archipad	<http://www.wikidata.org/entity/Q18214624>
52355372	Archipad	<http://www.wikidata.org/entity/Q18214624>
52355372	Archipad	<http://www.wikidata.org/entity/Q18214624>
52537794	RhodeCode	<http://www.wikidata.org/entity/Q18390228>
52537794	RhodeCode	<http://www.wikidata.org/entity/Q18390228>
52537794	RhodeCode	<http://www.wikidata.org/entity/Q18390228>
52537794	RhodeCode Inc.	<http://www.wikidata.org/entity/Q18390228>
52672840	MetaTrader 4	<http://www.wikidata.org/entity/Q1851963>
52672840	MetaTrader 4	<http://www.wikidata.org/entity/Q1851963>
52672840	MetaTrader 4	<http://www.wikidata.org/entity/Q1851963>
53081039	Vivaldi	<http://www.wikidata.org/entity/Q18913176>
53081039	Vivaldi	<http://www.wikidata.org/entity/Q18913176>
53081039	Vivaldi	<http://www.wikidata.org/entity/Q18913176>
53092622	Microsoft Schedule Plus	<http://www.wikidata.org/entity/Q1892515>
53092622	Microsoft Schedule Plus	<http://www.wikidata.org/entity/Q1892515>
53092622	Microsoft Schedule Plus	<http://www.wikidata.org/entity/Q1892515>
53776854	MyPhoneExplorer	<http://www.wikidata.org/entity/Q1956321>
53776854	MyPhoneExplorer	<http://www.wikidata.org/entity/Q1956321>
53776854	MyPhoneExplorer	<http://www.wikidata.org/entity/Q1956321>
53839651	File Explorer	<http://www.wikidata.org/entity/Q196305>
53839651	File Explorer	<http://www.wikidata.org/entity/Q196305>
53839651	File Explorer	<http://www.wikidata.org/entity/Q196305>
53839651	Explorer	<http://www.wikidata.org/entity/Q196305>
53892179	TotalView	<http://www.wikidata.org/entity/Q1968112>
53892179	TotalView	<http://www.wikidata.org/entity/Q1968112>
53892179	TotalView	<http://www.wikidata.org/entity/Q1968112>
54152535	Nisus Writer	<http://www.wikidata.org/entity/Q1993895>
54152535	Nisus Writer	<http://www.wikidata.org/entity/Q1993895>
54152535	Nisus Writer	<http://www.wikidata.org/entity/Q1993895>
54303951	Fellowship One	<http://www.wikidata.org/entity/Q20085322>
54303951	Fellowship One	<http://www.wikidata.org/entity/Q20085322>
54303951	Fellowship One	<http://www.wikidata.org/entity/Q20085322>
54495621	Hiew	<http://www.wikidata.org/entity/Q2026564>
54495621	Hiew	<http://www.wikidata.org/entity/Q2026564>
54495621	Hiew	<http://www.wikidata.org/entity/Q2026564>
54663132	Tru64 UNIX	<http://www.wikidata.org/entity/Q204214>
54663132	Tru64 UNIX	<http://www.wikidata.org/entity/Q204214>
54663132	Tru64 UNIX	<http://www.wikidata.org/entity/Q204214>
54663132	DEC OSF/1 AXP	<http://www.wikidata.org/entity/Q204214>
55372337	Flyway	<http://www.wikidata.org/entity/Q21113187>
55372337	Flyway	<http://www.wikidata.org/entity/Q21113187>
55372337	Flyway	<http://www.wikidata.org/entity/Q21113187>
55471411	Windows Mobile	<http://www.wikidata.org/entity/Q21207>
55471411	Windows Mobile	<http://www.wikidata.org/entity/Q21207>
55471411	Windows Mobile	<http://www.wikidata.org/entity/Q21207>
55471411	Microsoft Windows Mobile	<http://www.wikidata.org/entity/Q21207>
55475644	QF-Test	<http://www.wikidata.org/entity/Q2121194>
55475644	QF-Test	<http://www.wikidata.org/entity/Q2121194>
55475644	QF-Test	<http://www.wikidata.org/entity/Q2121194>
55680629	WALTR	<http://www.wikidata.org/entity/Q21401518>
55680629	WALTR	<http://www.wikidata.org/entity/Q21401518>
55680629	WALTR	<http://www.wikidata.org/entity/Q21401518>
55871673	Microsoft SQL Server	<http://www.wikidata.org/entity/Q215819>
55871673	Microsoft SQL Server	<http://www.wikidata.org/entity/Q215819>
55871673	Microsoft SQL Server	<http://www.wikidata.org/entity/Q215819>
55871673	MS-SQL	<http://www.wikidata.org/entity/Q215819>
55946380	FileMon	<http://www.wikidata.org/entity/Q21652103>
55946380	FileMon	<http://www.wikidata.org/entity/Q21652103>
55946380	FileMon	<http://www.wikidata.org/entity/Q21652103>
56011662	Rubberhose	<http://www.wikidata.org/entity/Q2171491>
56011662	Rubberhose	<http://www.wikidata.org/entity/Q2171491>
56011662	Rubberhose	<http://www.wikidata.org/entity/Q2171491>
56011662	Marutukku	<http://www.wikidata.org/entity/Q2171491>
56417121	Veeam Backup & Replication	<http://www.wikidata.org/entity/Q22096414>
56417121	Veeam Backup & Replication	<http://www.wikidata.org/entity/Q22096414>
56417121	Veeam Backup & Replication	<http://www.wikidata.org/entity/Q22096414>
56417121	Veeam B&R	<http://www.wikidata.org/entity/Q22096414>
57379819	Sones GraphDB	<http://www.wikidata.org/entity/Q2301321>
57379819	Sones GraphDB	<http://www.wikidata.org/entity/Q2301321>
57379819	Sones GraphDB	<http://www.wikidata.org/entity/Q2301321>
57954262	Netscape Navigator	<http://www.wikidata.org/entity/Q235419>
57954262	Netscape Navigator	<http://www.wikidata.org/entity/Q235419>
57954262	Netscape Navigator	<http://www.wikidata.org/entity/Q235419>
57954262	'Netscape Navigator	<http://www.wikidata.org/entity/Q235419>
58154135	Packet Tracer	<http://www.wikidata.org/entity/Q2373116>
58154135	Packet Tracer	<http://www.wikidata.org/entity/Q2373116>
58154135	Packet Tracer	<http://www.wikidata.org/entity/Q2373116>
58204814	Epistory	<http://www.wikidata.org/entity/Q23779414>
58204814	Epistory	<http://www.wikidata.org/entity/Q23779414>
58204814	Epistory	<http://www.wikidata.org/entity/Q23779414>
58204814	Epistory - Typing Chronicles	<http://www.wikidata.org/entity/Q23779414>
58215816	TeamForge	<http://www.wikidata.org/entity/Q2379026>
58215816	TeamForge	<http://www.wikidata.org/entity/Q2379026>
58215816	TeamForge	<http://www.wikidata.org/entity/Q2379026>
58215816	SFEE	<http://www.wikidata.org/entity/Q2379026>
58471291	Windows 95 SP2	<http://www.wikidata.org/entity/Q2403431>
58471291	Windows 95 SP2	<http://www.wikidata.org/entity/Q2403431>
58471291	Windows 95 SP2	<http://www.wikidata.org/entity/Q2403431>
58471291	Windows 95 OSR2	<http://www.wikidata.org/entity/Q2403431>
58813881	Game Maker	<http://www.wikidata.org/entity/Q243720>
58813881	Game Maker	<http://www.wikidata.org/entity/Q243720>
58813881	Game Maker	<http://www.wikidata.org/entity/Q243720>
58940773	K-Lite Codec Pack	<http://www.wikidata.org/entity/Q2449010>
58940773	K-Lite Codec Pack	<http://www.wikidata.org/entity/Q2449010>
58940773	K-Lite Codec Pack	<http://www.wikidata.org/entity/Q2449010>
59074103	PaintShop Pro	<http://www.wikidata.org/entity/Q24614>
59074103	PaintShop Pro	<http://www.wikidata.org/entity/Q24614>
59074103	PaintShop Pro	<http://www.wikidata.org/entity/Q24614>
59074103	Paint Shop Pro 2020	<http://www.wikidata.org/entity/Q24614>
59092365	WinAce	<http://www.wikidata.org/entity/Q2463160>
59092365	WinAce	<http://www.wikidata.org/entity/Q2463160>
59092365	WinAce	<http://www.wikidata.org/entity/Q2463160>
59903690	CLion	<http://www.wikidata.org/entity/Q25403544>
59903690	CLion	<http://www.wikidata.org/entity/Q25403544>
59903690	CLion	<http://www.wikidata.org/entity/Q25403544>
59922234	Liferay Portal	<http://www.wikidata.org/entity/Q254211>
59922234	Liferay Portal	<http://www.wikidata.org/entity/Q254211>
59922234	Liferay Portal	<http://www.wikidata.org/entity/Q254211>
60466097	RStudio server Professional Edition	<http://www.wikidata.org/entity/Q25936207>
60466097	RStudio server Professional Edition	<http://www.wikidata.org/entity/Q25936207>
60466097	RStudio server Professional Edition	<http://www.wikidata.org/entity/Q25936207>
60497160	GitLab EE	<http://www.wikidata.org/entity/Q25973915>
60497160	GitLab EE	<http://www.wikidata.org/entity/Q25973915>
60497160	GitLab EE	<http://www.wikidata.org/entity/Q25973915>
60497160	GitLab	<http://www.wikidata.org/entity/Q25973915>
60519217	GetRight	<http://www.wikidata.org/entity/Q2599581>
60519217	GetRight	<http://www.wikidata.org/entity/Q2599581>
60519217	GetRight	<http://www.wikidata.org/entity/Q2599581>
60697323	PDF Split and Merge Enhanced	<http://www.wikidata.org/entity/Q26162374>
60697323	PDF Split and Merge Enhanced	<http://www.wikidata.org/entity/Q26162374>
60697323	PDF Split and Merge Enhanced	<http://www.wikidata.org/entity/Q26162374>
60697323	PDF sam Enhanced	<http://www.wikidata.org/entity/Q26162374>
60988467	Windows XP Media Center Edition	<http://www.wikidata.org/entity/Q2643528>
60988467	Windows XP Media Center Edition	<http://www.wikidata.org/entity/Q2643528>
60988467	Windows XP Media Center Edition	<http://www.wikidata.org/entity/Q2643528>
60988467	Windows XP Media Center Edition 2006	<http://www.wikidata.org/entity/Q2643528>
61393318	Deluxe Paint	<http://www.wikidata.org/entity/Q2683487>
61393318	Deluxe Paint	<http://www.wikidata.org/entity/Q2683487>
61393318	Deluxe Paint	<http://www.wikidata.org/entity/Q2683487>
61393318	DPaint	<http://www.wikidata.org/entity/Q2683487>
61516155	IBM AIX	<http://www.wikidata.org/entity/Q269856>
61516155	IBM AIX	<http://www.wikidata.org/entity/Q269856>
61516155	IBM AIX	<http://www.wikidata.org/entity/Q269856>
61516155	AIX	<http://www.wikidata.org/entity/Q269856>
61563543	Zarafa for home	<http://www.wikidata.org/entity/Q27042442>
61563543	Zarafa for home	<http://www.wikidata.org/entity/Q27042442>
61563543	Zarafa for home	<http://www.wikidata.org/entity/Q27042442>
61577597	Magento Enterprise Edition	<http://www.wikidata.org/entity/Q27063986>
61577597	Magento Enterprise Edition	<http://www.wikidata.org/entity/Q27063986>
61577597	Magento Enterprise Edition	<http://www.wikidata.org/entity/Q27063986>
61589283	Oracle Grid Engine	<http://www.wikidata.org/entity/Q2708256>
61589283	Oracle Grid Engine	<http://www.wikidata.org/entity/Q2708256>
61589283	Oracle Grid Engine	<http://www.wikidata.org/entity/Q2708256>
61589283	SGE	<http://www.wikidata.org/entity/Q2708256>
61716542	Amikumu	<http://www.wikidata.org/entity/Q27229846>
61716542	Amikumu	<http://www.wikidata.org/entity/Q27229846>
61716542	Amikumu	<http://www.wikidata.org/entity/Q27229846>
62289430	Solaris Trusted Extensions	<http://www.wikidata.org/entity/Q27865945>
62289430	Solaris Trusted Extensions	<http://www.wikidata.org/entity/Q27865945>
62289430	Solaris Trusted Extensions	<http://www.wikidata.org/entity/Q27865945>
62366570	Camera Utility	<http://www.wikidata.org/entity/Q27943366>
62366570	Camera Utility	<http://www.wikidata.org/entity/Q27943366>
62366570	Camera Utility	<http://www.wikidata.org/entity/Q27943366>
62366570	Blackmagic Camera Utility	<http://www.wikidata.org/entity/Q27943366>
62591096	3CX Phone System	<http://www.wikidata.org/entity/Q2816466>
62591096	3CX Phone System	<http://www.wikidata.org/entity/Q2816466>
62591096	3CX Phone System	<http://www.wikidata.org/entity/Q2816466>
63220792	BackupAssist	<http://www.wikidata.org/entity/Q2878443>
63220792	BackupAssist	<http://www.wikidata.org/entity/Q2878443>
63220792	BackupAssist	<http://www.wikidata.org/entity/Q2878443>
63296991	Barry's Emacs	<http://www.wikidata.org/entity/Q2885703>
63296991	Barry's Emacs	<http://www.wikidata.org/entity/Q2885703>
63296991	Barry's Emacs	<http://www.wikidata.org/entity/Q2885703>
64342505	SabineOS	<http://www.wikidata.org/entity/Q29858629>
64342505	SabineOS	<http://www.wikidata.org/entity/Q29858629>
64342505	SabineOS	<http://www.wikidata.org/entity/Q29858629>
64342505	SabOS	<http://www.wikidata.org/entity/Q29858629>
65159531	FINE	<http://www.wikidata.org/entity/Q3063241>
65159531	FINE	<http://www.wikidata.org/entity/Q3063241>
65159531	FINE	<http://www.wikidata.org/entity/Q3063241>
65159531	Fine Is Not Emacs	<http://www.wikidata.org/entity/Q3063241>
65405691	Eternal Lands	<http://www.wikidata.org/entity/Q3087714>
65405691	Eternal Lands	<http://www.wikidata.org/entity/Q3087714>
65405691	Eternal Lands	<http://www.wikidata.org/entity/Q3087714>
66865016	Metafile Companion	<http://www.wikidata.org/entity/Q32360613>
66865016	Metafile Companion	<http://www.wikidata.org/entity/Q32360613>
66865016	Metafile Companion	<http://www.wikidata.org/entity/Q32360613>
67009202	IrfanView	<http://www.wikidata.org/entity/Q324957>
67009202	IrfanView	<http://www.wikidata.org/entity/Q324957>
67009202	IrfanView	<http://www.wikidata.org/entity/Q324957>
67073263	F-19 Stealth Fighter	<http://www.wikidata.org/entity/Q3255718>
67073263	F-19 Stealth Fighter	<http://www.wikidata.org/entity/Q3255718>
67073263	F-19 Stealth Fighter	<http://www.wikidata.org/entity/Q3255718>
67119203	MSN Messenger	<http://www.wikidata.org/entity/Q3260284>
67119203	MSN Messenger	<http://www.wikidata.org/entity/Q3260284>
67119203	MSN Messenger	<http://www.wikidata.org/entity/Q3260284>
67185897	Immunet	<http://www.wikidata.org/entity/Q3266644>
67185897	Immunet	<http://www.wikidata.org/entity/Q3266644>
67185897	Immunet	<http://www.wikidata.org/entity/Q3266644>
67200258	S-PLUS	<http://www.wikidata.org/entity/Q3267991>
67200258	S-PLUS	<http://www.wikidata.org/entity/Q3267991>
67200258	S-PLUS	<http://www.wikidata.org/entity/Q3267991>
68104221	OpenQM	<http://www.wikidata.org/entity/Q3353125>
68104221	OpenQM	<http://www.wikidata.org/entity/Q3353125>
68104221	OpenQM	<http://www.wikidata.org/entity/Q3353125>
68104221	ScarletDME	<http://www.wikidata.org/entity/Q3353125>
68928237	Puffchat	<http://www.wikidata.org/entity/Q34287706>
68928237	Puffchat	<http://www.wikidata.org/entity/Q34287706>
68928237	Puffchat	<http://www.wikidata.org/entity/Q34287706>
68928812	RTPatch	<http://www.wikidata.org/entity/Q34288233>
68928812	RTPatch	<http://www.wikidata.org/entity/Q34288233>
68928812	RTPatch	<http://www.wikidata.org/entity/Q34288233>
69304105	RescueTime	<http://www.wikidata.org/entity/Q34637733>
69304105	RescueTime	<http://www.wikidata.org/entity/Q34637733>
69304105	RescueTime	<http://www.wikidata.org/entity/Q34637733>
69551342	SmartSVN	<http://www.wikidata.org/entity/Q3486873>
69551342	SmartSVN	<http://www.wikidata.org/entity/Q3486873>
69551342	SmartSVN	<http://www.wikidata.org/entity/Q3486873>
70422780	Windows Live Movie Maker	<http://www.wikidata.org/entity/Q3569300>
70422780	Windows Live Movie Maker	<http://www.wikidata.org/entity/Q3569300>
70422780	Windows Live Movie Maker	<http://www.wikidata.org/entity/Q3569300>
70492383	Zmacs	<http://www.wikidata.org/entity/Q3575656>
70492383	Zmacs	<http://www.wikidata.org/entity/Q3575656>
70492383	Zmacs	<http://www.wikidata.org/entity/Q3575656>
71058400	Astroburn	<http://www.wikidata.org/entity/Q3627630>
71058400	Astroburn	<http://www.wikidata.org/entity/Q3627630>
71058400	Astroburn	<http://www.wikidata.org/entity/Q3627630>
71060986	AtariWriter	<http://www.wikidata.org/entity/Q3627868>
71060986	AtariWriter	<http://www.wikidata.org/entity/Q3627868>
71060986	AtariWriter	<http://www.wikidata.org/entity/Q3627868>
71665486	Microsoft Publisher	<http://www.wikidata.org/entity/Q368338>
71665486	Microsoft Publisher	<http://www.wikidata.org/entity/Q368338>
71665486	Microsoft Publisher	<http://www.wikidata.org/entity/Q368338>
71665486	Publisher	<http://www.wikidata.org/entity/Q368338>
73081158	TokuDB	<http://www.wikidata.org/entity/Q3813425>
73081158	TokuDB	<http://www.wikidata.org/entity/Q3813425>
73081158	TokuDB	<http://www.wikidata.org/entity/Q3813425>
73295269	Wt	<http://www.wikidata.org/entity/Q383314>
73295269	Wt	<http://www.wikidata.org/entity/Q383314>
73295269	Wt	<http://www.wikidata.org/entity/Q383314>
73849443	VoltDB	<http://www.wikidata.org/entity/Q3884002>
73849443	VoltDB	<http://www.wikidata.org/entity/Q3884002>
73849443	VoltDB	<http://www.wikidata.org/entity/Q3884002>
75518840	F-Prot	<http://www.wikidata.org/entity/Q4038481>
75518840	F-Prot	<http://www.wikidata.org/entity/Q4038481>
75518840	F-Prot	<http://www.wikidata.org/entity/Q4038481>
75543820	Huawei EMUI	<http://www.wikidata.org/entity/Q4040805>
75543820	Huawei EMUI	<http://www.wikidata.org/entity/Q4040805>
75543820	Huawei EMUI	<http://www.wikidata.org/entity/Q4040805>
75543820	Emotion UI	<http://www.wikidata.org/entity/Q4040805>
75543820	EMUI	<http://www.wikidata.org/entity/Q4040805>
75553647	JFLAP	<http://www.wikidata.org/entity/Q4041724>
75553647	JFLAP	<http://www.wikidata.org/entity/Q4041724>
75553647	JFLAP	<http://www.wikidata.org/entity/Q4041724>
75638802	Smart Response Technology	<http://www.wikidata.org/entity/Q4049644>
75638802	Smart Response Technology	<http://www.wikidata.org/entity/Q4049644>
75638802	Smart Response Technology	<http://www.wikidata.org/entity/Q4049644>
75638802	SSD Caching	<http://www.wikidata.org/entity/Q4049644>
76445334	Opera	<http://www.wikidata.org/entity/Q41242>
76445334	Opera	<http://www.wikidata.org/entity/Q41242>
76445334	Opera	<http://www.wikidata.org/entity/Q41242>
76445334	Opera web browser	<http://www.wikidata.org/entity/Q41242>
79635394	Rainlendar	<http://www.wikidata.org/entity/Q442716>
79635394	Rainlendar	<http://www.wikidata.org/entity/Q442716>
79635394	Rainlendar	<http://www.wikidata.org/entity/Q442716>
81501498	QtiPlot	<http://www.wikidata.org/entity/Q460192>
81501498	QtiPlot	<http://www.wikidata.org/entity/Q460192>
81501498	QtiPlot	<http://www.wikidata.org/entity/Q460192>
82419397	Aerospike database	<http://www.wikidata.org/entity/Q4688459>
82419397	Aerospike database	<http://www.wikidata.org/entity/Q4688459>
82419397	Aerospike database	<http://www.wikidata.org/entity/Q4688459>
82566531	ERP Genesis	<http://www.wikidata.org/entity/Q47044749>
82566531	ERP Genesis	<http://www.wikidata.org/entity/Q47044749>
82566531	ERP Genesis	<http://www.wikidata.org/entity/Q47044749>
82566531	erpgenesis.com	<http://www.wikidata.org/entity/Q47044749>
83543300	OpenVMS	<http://www.wikidata.org/entity/Q479882>
83543300	OpenVMS	<http://www.wikidata.org/entity/Q479882>
83543300	OpenVMS	<http://www.wikidata.org/entity/Q479882>
83543300	VAX-11/VMS	<http://www.wikidata.org/entity/Q479882>
83586912	As Easy As	<http://www.wikidata.org/entity/Q4802867>
83586912	As Easy As	<http://www.wikidata.org/entity/Q4802867>
83586912	As Easy As	<http://www.wikidata.org/entity/Q4802867>
83976734	Windows 2000	<http://www.wikidata.org/entity/Q483881>
83976734	Windows 2000	<http://www.wikidata.org/entity/Q483881>
83976734	Windows 2000	<http://www.wikidata.org/entity/Q483881>
83976734	Windows Server 2000	<http://www.wikidata.org/entity/Q483881>
84083499	Windows Me	<http://www.wikidata.org/entity/Q484892>
84083499	Windows Me	<http://www.wikidata.org/entity/Q484892>
84083499	Windows Me	<http://www.wikidata.org/entity/Q484892>
84083499	Microsoft Windows 100	<http://www.wikidata.org/entity/Q484892>
84097509	Windows 2.0	<http://www.wikidata.org/entity/Q485021>
84097509	Windows 2.0	<http://www.wikidata.org/entity/Q485021>
84097509	Windows 2.0	<http://www.wikidata.org/entity/Q485021>
84097509	Windows 2.03	<http://www.wikidata.org/entity/Q485021>
84351406	Embarcadero Delphi	<http://www.wikidata.org/entity/Q487378>
84351406	Embarcadero Delphi	<http://www.wikidata.org/entity/Q487378>
84351406	Embarcadero Delphi	<http://www.wikidata.org/entity/Q487378>
84351406	Delphi	<http://www.wikidata.org/entity/Q487378>
84351406	Delphi	<http://www.wikidata.org/entity/Q487378>
84441995	Windows Embedded Compact	<http://www.wikidata.org/entity/Q488244>
84441995	Windows Embedded Compact	<http://www.wikidata.org/entity/Q488244>
84441995	Windows Embedded Compact	<http://www.wikidata.org/entity/Q488244>
84441995	WinCE	<http://www.wikidata.org/entity/Q488244>
84520300	Windows NT 4.0	<http://www.wikidata.org/entity/Q488978>
84520300	Windows NT 4.0	<http://www.wikidata.org/entity/Q488978>
84520300	Windows NT 4.0	<http://www.wikidata.org/entity/Q488978>
84520300	Windows NT 96	<http://www.wikidata.org/entity/Q488978>
84799902	Windows 3.0	<http://www.wikidata.org/entity/Q491546>
84799902	Windows 3.0	<http://www.wikidata.org/entity/Q491546>
84799902	Windows 3.0	<http://www.wikidata.org/entity/Q491546>
84799902	Windows 3.00	<http://www.wikidata.org/entity/Q491546>
85846064	CLACL	<http://www.wikidata.org/entity/Q5012660>
85846064	CLACL	<http://www.wikidata.org/entity/Q5012660>
85846064	CLACL	<http://www.wikidata.org/entity/Q5012660>
85846064	Logical Composition Aided by Computer	<http://www.wikidata.org/entity/Q5012660>
86134004	Lightwright Version 4	<http://www.wikidata.org/entity/Q50413724>
86134004	Lightwright Version 4	<http://www.wikidata.org/entity/Q50413724>
86134004	Lightwright Version 4	<http://www.wikidata.org/entity/Q50413724>
86134158	Lightwright Version 3	<http://www.wikidata.org/entity/Q50413884>
86134158	Lightwright Version 3	<http://www.wikidata.org/entity/Q50413884>
86134158	Lightwright Version 3	<http://www.wikidata.org/entity/Q50413884>
86134263	Lightwright Version 2	<http://www.wikidata.org/entity/Q50413989>
86134263	Lightwright Version 2	<http://www.wikidata.org/entity/Q50413989>
86134263	Lightwright Version 2	<http://www.wikidata.org/entity/Q50413989>
86134266	Lightwright Version 1	<http://www.wikidata.org/entity/Q50413991>
86134266	Lightwright Version 1	<http://www.wikidata.org/entity/Q50413991>
86134266	Lightwright Version 1	<http://www.wikidata.org/entity/Q50413991>
86134332	Lightwright Version 6	<http://www.wikidata.org/entity/Q50414057>
86134332	Lightwright Version 6	<http://www.wikidata.org/entity/Q50414057>
86134332	Lightwright Version 6	<http://www.wikidata.org/entity/Q50414057>
86182203	Windows 8	<http://www.wikidata.org/entity/Q5046>
86182203	Windows 8	<http://www.wikidata.org/entity/Q5046>
86182203	Windows 8	<http://www.wikidata.org/entity/Q5046>
86182203	Windows 8.0	<http://www.wikidata.org/entity/Q5046>
86652775	G Suite	<http://www.wikidata.org/entity/Q509284>
86652775	G Suite	<http://www.wikidata.org/entity/Q509284>
86652775	G Suite	<http://www.wikidata.org/entity/Q509284>
86652775	Google Apps for Business	<http://www.wikidata.org/entity/Q509284>
86954150	CintaNotes	<http://www.wikidata.org/entity/Q5121092>
86954150	CintaNotes	<http://www.wikidata.org/entity/Q5121092>
86954150	CintaNotes	<http://www.wikidata.org/entity/Q5121092>
87789525	CygnusEd	<http://www.wikidata.org/entity/Q5199203>
87789525	CygnusEd	<http://www.wikidata.org/entity/Q5199203>
87789525	CygnusEd	<http://www.wikidata.org/entity/Q5199203>
88592613	DiscJuggler	<http://www.wikidata.org/entity/Q5281379>
88592613	DiscJuggler	<http://www.wikidata.org/entity/Q5281379>
88592613	DiscJuggler	<http://www.wikidata.org/entity/Q5281379>
88914517	EZGenerator	<http://www.wikidata.org/entity/Q5324752>
88914517	EZGenerator	<http://www.wikidata.org/entity/Q5324752>
88914517	EZGenerator	<http://www.wikidata.org/entity/Q5324752>
89242642	NetPositive	<http://www.wikidata.org/entity/Q536949>
89242642	NetPositive	<http://www.wikidata.org/entity/Q536949>
89242642	NetPositive	<http://www.wikidata.org/entity/Q536949>
89635573	FEFLOW	<http://www.wikidata.org/entity/Q5425329>
89635573	FEFLOW	<http://www.wikidata.org/entity/Q5425329>
89635573	FEFLOW	<http://www.wikidata.org/entity/Q5425329>
89652601	Ultrix	<http://www.wikidata.org/entity/Q542726>
89652601	Ultrix	<http://www.wikidata.org/entity/Q542726>
89652601	Ultrix	<http://www.wikidata.org/entity/Q542726>
89659713	face2face	<http://www.wikidata.org/entity/Q5428300>
89659713	face2face	<http://www.wikidata.org/entity/Q5428300>
89659713	face2face	<http://www.wikidata.org/entity/Q5428300>
89951695	Folx	<http://www.wikidata.org/entity/Q5464907>
89951695	Folx	<http://www.wikidata.org/entity/Q5464907>
89951695	Folx	<http://www.wikidata.org/entity/Q5464907>
90006567	Forté Agent	<http://www.wikidata.org/entity/Q5473019>
90006567	Forté Agent	<http://www.wikidata.org/entity/Q5473019>
90006567	Forté Agent	<http://www.wikidata.org/entity/Q5473019>
90006567	Forte Agent	<http://www.wikidata.org/entity/Q5473019>
90283192	Glyphs	<http://www.wikidata.org/entity/Q55027178>
90283192	Glyphs	<http://www.wikidata.org/entity/Q55027178>
90283192	Glyphs	<http://www.wikidata.org/entity/Q55027178>
90283192	Glyphs.app	<http://www.wikidata.org/entity/Q55027178>
90334567	FullWrite Professional	<http://www.wikidata.org/entity/Q5507976>
90334567	FullWrite Professional	<http://www.wikidata.org/entity/Q5507976>
90334567	FullWrite Professional	<http://www.wikidata.org/entity/Q5507976>
91499053	Kirby CMS	<http://www.wikidata.org/entity/Q56297856>
91499053	Kirby CMS	<http://www.wikidata.org/entity/Q56297856>
91499053	Kirby CMS	<http://www.wikidata.org/entity/Q56297856>
91499053	Kirby 3	<http://www.wikidata.org/entity/Q56297856>
91688992	Conference Management Toolkit	<http://www.wikidata.org/entity/Q56476856>
91688992	Conference Management Toolkit	<http://www.wikidata.org/entity/Q56476856>
91688992	Conference Management Toolkit	<http://www.wikidata.org/entity/Q56476856>
91688992	CMT	<http://www.wikidata.org/entity/Q56476856>
91689114	Editorial Manager	<http://www.wikidata.org/entity/Q56476969>
91689114	Editorial Manager	<http://www.wikidata.org/entity/Q56476969>
91689114	Editorial Manager	<http://www.wikidata.org/entity/Q56476969>
93529450	Siri	<http://www.wikidata.org/entity/Q582159>
93529450	Siri	<http://www.wikidata.org/entity/Q582159>
93529450	Siri	<http://www.wikidata.org/entity/Q582159>
94822110	Roxio Toast	<http://www.wikidata.org/entity/Q5941019>
94822110	Roxio Toast	<http://www.wikidata.org/entity/Q5941019>
94822110	Roxio Toast	<http://www.wikidata.org/entity/Q5941019>
96572423	WhatsApp business	<http://www.wikidata.org/entity/Q61064014>
96572423	WhatsApp business	<http://www.wikidata.org/entity/Q61064014>
96572423	WhatsApp business	<http://www.wikidata.org/entity/Q61064014>
98145735	BeOS	<http://www.wikidata.org/entity/Q62563>
98145735	BeOS	<http://www.wikidata.org/entity/Q62563>
98145735	BeOS	<http://www.wikidata.org/entity/Q62563>
98291899	Fronimo (software)	<http://www.wikidata.org/entity/Q62699256>
98291899	Fronimo (software)	<http://www.wikidata.org/entity/Q62699256>
98291899	Fronimo (software)	<http://www.wikidata.org/entity/Q62699256>
98345782	GMX Online Office	<http://www.wikidata.org/entity/Q62748494>
98345782	GMX Online Office	<http://www.wikidata.org/entity/Q62748494>
98345782	GMX Online Office	<http://www.wikidata.org/entity/Q62748494>
99084122	Kakadu	<http://www.wikidata.org/entity/Q6349137>
99084122	Kakadu	<http://www.wikidata.org/entity/Q6349137>
99084122	Kakadu	<http://www.wikidata.org/entity/Q6349137>
99612732	Track your Time	<http://www.wikidata.org/entity/Q63994912>
99612732	Track your Time	<http://www.wikidata.org/entity/Q63994912>
99612732	Track your Time	<http://www.wikidata.org/entity/Q63994912>
99612732	trackyourtime	<http://www.wikidata.org/entity/Q63994912>
99847245	P4Merge	<http://www.wikidata.org/entity/Q64212049>
99847245	P4Merge	<http://www.wikidata.org/entity/Q64212049>
99847245	P4Merge	<http://www.wikidata.org/entity/Q64212049>
99869326	KnowledgeBase Manager Pro	<http://www.wikidata.org/entity/Q6423263>
99869326	KnowledgeBase Manager Pro	<http://www.wikidata.org/entity/Q6423263>
99869326	KnowledgeBase Manager Pro	<http://www.wikidata.org/entity/Q6423263>
100569418	LaserLock	<http://www.wikidata.org/entity/Q6492959>
100569418	LaserLock	<http://www.wikidata.org/entity/Q6492959>
100569418	LaserLock	<http://www.wikidata.org/entity/Q6492959>
100569418	LaserLok	<http://www.wikidata.org/entity/Q6492959>
100819861	War FTP Daemon	<http://www.wikidata.org/entity/Q6516866>
100819861	War FTP Daemon	<http://www.wikidata.org/entity/Q6516866>
100819861	War FTP Daemon	<http://www.wikidata.org/entity/Q6516866>
100819861	warftpd	<http://www.wikidata.org/entity/Q6516866>
101137733	Lightwright Version 5	<http://www.wikidata.org/entity/Q6546633>
101137733	Lightwright Version 5	<http://www.wikidata.org/entity/Q6546633>
101137733	Lightwright Version 5	<http://www.wikidata.org/entity/Q6546633>
101439083	Qeios	<http://www.wikidata.org/entity/Q65748195>
101439083	Qeios	<http://www.wikidata.org/entity/Q65748195>
101439083	Qeios	<http://www.wikidata.org/entity/Q65748195>
101493529	Keyboard Sports	<http://www.wikidata.org/entity/Q65798440>
101493529	Keyboard Sports	<http://www.wikidata.org/entity/Q65798440>
101493529	Keyboard Sports	<http://www.wikidata.org/entity/Q65798440>
101493529	Keyboard Sports	<http://www.wikidata.org/entity/Q65798440>
101493529	Saving QWERTY	<http://www.wikidata.org/entity/Q65798440>
102083345	ISO Master	<http://www.wikidata.org/entity/Q663640>
102083345	ISO Master	<http://www.wikidata.org/entity/Q663640>
102083345	ISO Master	<http://www.wikidata.org/entity/Q663640>
104746145	ModPlug Player	<http://www.wikidata.org/entity/Q6887953>
104746145	ModPlug Player	<http://www.wikidata.org/entity/Q6887953>
104746145	ModPlug Player	<http://www.wikidata.org/entity/Q6887953>
105477934	NTFSDOS	<http://www.wikidata.org/entity/Q6955459>
105477934	NTFSDOS	<http://www.wikidata.org/entity/Q6955459>
105477934	NTFSDOS	<http://www.wikidata.org/entity/Q6955459>
106486450	LabSpec	<http://www.wikidata.org/entity/Q70477719>
106486450	LabSpec	<http://www.wikidata.org/entity/Q70477719>
106486450	LabSpec	<http://www.wikidata.org/entity/Q70477719>
106651895	Microsoft InfoPath	<http://www.wikidata.org/entity/Q706294>
106651895	Microsoft InfoPath	<http://www.wikidata.org/entity/Q706294>
106651895	Microsoft InfoPath	<http://www.wikidata.org/entity/Q706294>
106651895	XDocs	<http://www.wikidata.org/entity/Q706294>
106968165	ePSXe	<http://www.wikidata.org/entity/Q709272>
106968165	ePSXe	<http://www.wikidata.org/entity/Q709272>
106968165	ePSXe	<http://www.wikidata.org/entity/Q709272>
107222367	Oxygen XML Editor	<http://www.wikidata.org/entity/Q7115951>
107222367	Oxygen XML Editor	<http://www.wikidata.org/entity/Q7115951>
107222367	Oxygen XML Editor	<http://www.wikidata.org/entity/Q7115951>
107222367	<oXygen/>	<http://www.wikidata.org/entity/Q7115951>
108886400	QualNet	<http://www.wikidata.org/entity/Q7268611>
108886400	QualNet	<http://www.wikidata.org/entity/Q7268611>
108886400	QualNet	<http://www.wikidata.org/entity/Q7268611>
110011843	ARPHA publishing platform	<http://www.wikidata.org/entity/Q73730722>
110011843	ARPHA publishing platform	<http://www.wikidata.org/entity/Q73730722>
110011843	ARPHA publishing platform	<http://www.wikidata.org/entity/Q73730722>
110011843	Pensoft Journal Systems	<http://www.wikidata.org/entity/Q73730722>
110014504	Literatum	<http://www.wikidata.org/entity/Q73733174>
110014504	Literatum	<http://www.wikidata.org/entity/Q73733174>
110014504	Literatum	<http://www.wikidata.org/entity/Q73733174>
110033752	Windows 3.x	<http://www.wikidata.org/entity/Q737508>
110033752	Windows 3.x	<http://www.wikidata.org/entity/Q737508>
110033752	Windows 3.x	<http://www.wikidata.org/entity/Q737508>
110730456	Scribe Mail	<http://www.wikidata.org/entity/Q7439150>
110730456	Scribe Mail	<http://www.wikidata.org/entity/Q7439150>
110730456	Scribe Mail	<http://www.wikidata.org/entity/Q7439150>
110982221	LabVIEW	<http://www.wikidata.org/entity/Q746261>
110982221	LabVIEW	<http://www.wikidata.org/entity/Q746261>
110982221	LabVIEW	<http://www.wikidata.org/entity/Q746261>
111000439	Valve Anti-Cheat	<http://www.wikidata.org/entity/Q746431>
111000439	Valve Anti-Cheat	<http://www.wikidata.org/entity/Q746431>
111000439	Valve Anti-Cheat	<http://www.wikidata.org/entity/Q746431>
111000439	VAC	<http://www.wikidata.org/entity/Q746431>
111195074	Windows NT 3.1	<http://www.wikidata.org/entity/Q748319>
111195074	Windows NT 3.1	<http://www.wikidata.org/entity/Q748319>
111195074	Windows NT 3.1	<http://www.wikidata.org/entity/Q748319>
111195074	Windows NT 3.1x	<http://www.wikidata.org/entity/Q748319>
113487496	TestComplete	<http://www.wikidata.org/entity/Q7705691>
113487496	TestComplete	<http://www.wikidata.org/entity/Q7705691>
113487496	TestComplete	<http://www.wikidata.org/entity/Q7705691>
113499598	Tetris Friends	<http://www.wikidata.org/entity/Q7706795>
113499598	Tetris Friends	<http://www.wikidata.org/entity/Q7706795>
113499598	Tetris Friends	<http://www.wikidata.org/entity/Q7706795>
113556988	Windows NT 3.5	<http://www.wikidata.org/entity/Q771202>
113556988	Windows NT 3.5	<http://www.wikidata.org/entity/Q771202>
113556988	Windows NT 3.5	<http://www.wikidata.org/entity/Q771202>
113556988	Microsoft Windows 3.5	<http://www.wikidata.org/entity/Q771202>
114850999	Traction TeamPage	<http://www.wikidata.org/entity/Q7831634>
114850999	Traction TeamPage	<http://www.wikidata.org/entity/Q7831634>
114850999	Traction TeamPage	<http://www.wikidata.org/entity/Q7831634>
115094073	TurboSilver	<http://www.wikidata.org/entity/Q7853789>
115094073	TurboSilver	<http://www.wikidata.org/entity/Q7853789>
115094073	TurboSilver	<http://www.wikidata.org/entity/Q7853789>
115998542	Visual MODFLOW	<http://www.wikidata.org/entity/Q7936559>
115998542	Visual MODFLOW	<http://www.wikidata.org/entity/Q7936559>
115998542	Visual MODFLOW	<http://www.wikidata.org/entity/Q7936559>
115998542	VMOD	<http://www.wikidata.org/entity/Q7936559>
116208063	Google Goggles	<http://www.wikidata.org/entity/Q79569>
116208063	Google Goggles	<http://www.wikidata.org/entity/Q79569>
116208063	Google Goggles	<http://www.wikidata.org/entity/Q79569>
116215058	Google Play	<http://www.wikidata.org/entity/Q79576>
116215058	Google Play	<http://www.wikidata.org/entity/Q79576>
116215058	Google Play	<http://www.wikidata.org/entity/Q79576>
116215058	Android App Store	<http://www.wikidata.org/entity/Q79576>
116886490	Total Commander	<http://www.wikidata.org/entity/Q80201>
116886490	Total Commander	<http://www.wikidata.org/entity/Q80201>
116886490	Total Commander	<http://www.wikidata.org/entity/Q80201>
116886490	Windows Commander	<http://www.wikidata.org/entity/Q80201>
116923865	WinFIG	<http://www.wikidata.org/entity/Q8023599>
116923865	WinFIG	<http://www.wikidata.org/entity/Q8023599>
116923865	WinFIG	<http://www.wikidata.org/entity/Q8023599>
117065439	WriteNow	<http://www.wikidata.org/entity/Q8038394>
117065439	WriteNow	<http://www.wikidata.org/entity/Q8038394>
117065439	WriteNow	<http://www.wikidata.org/entity/Q8038394>
117133890	Incredibuild	<http://www.wikidata.org/entity/Q8044932>
117133890	Incredibuild	<http://www.wikidata.org/entity/Q8044932>
117133890	Incredibuild	<http://www.wikidata.org/entity/Q8044932>
117133890	Xoreax Grid Engine	<http://www.wikidata.org/entity/Q8044932>
117393413	Microsoft Access	<http://www.wikidata.org/entity/Q80689>
117393413	Microsoft Access	<http://www.wikidata.org/entity/Q80689>
117393413	Microsoft Access	<http://www.wikidata.org/entity/Q80689>
117393413	Acceso a la oficina	<http://www.wikidata.org/entity/Q80689>
117635831	Microsoft Outlook	<http://www.wikidata.org/entity/Q80911>
117635831	Microsoft Outlook	<http://www.wikidata.org/entity/Q80911>
117635831	Microsoft Outlook	<http://www.wikidata.org/entity/Q80911>
117635831	Outlook	<http://www.wikidata.org/entity/Q80911>
120286967	Windows 95	<http://www.wikidata.org/entity/Q83370>
120286967	Windows 95	<http://www.wikidata.org/entity/Q83370>
120286967	Windows 95	<http://www.wikidata.org/entity/Q83370>
120286967	Microsoft Windows 95	<http://www.wikidata.org/entity/Q83370>
120502486	AutoCAD	<http://www.wikidata.org/entity/Q83570>
120502486	AutoCAD	<http://www.wikidata.org/entity/Q83570>
120502486	AutoCAD	<http://www.wikidata.org/entity/Q83570>
121125108	Altera Quartus	<http://www.wikidata.org/entity/Q843225>
121125108	Altera Quartus	<http://www.wikidata.org/entity/Q843225>
121125108	Altera Quartus	<http://www.wikidata.org/entity/Q843225>
121125108	Intel Quartus Prime	<http://www.wikidata.org/entity/Q843225>
121195380	Outlook Express	<http://www.wikidata.org/entity/Q850109>
121195380	Outlook Express	<http://www.wikidata.org/entity/Q850109>
121195380	Outlook Express	<http://www.wikidata.org/entity/Q850109>
121195380	Microsoft Outlook Express	<http://www.wikidata.org/entity/Q850109>
121667841	Warcraft III World Editor	<http://www.wikidata.org/entity/Q897537>
121667841	Warcraft III World Editor	<http://www.wikidata.org/entity/Q897537>
121667841	Warcraft III World Editor	<http://www.wikidata.org/entity/Q897537>
121894338	DIGIBooster Pro	<http://www.wikidata.org/entity/Q9200400>
121894338	DIGIBooster Pro	<http://www.wikidata.org/entity/Q9200400>
121894338	DIGIBooster Pro	<http://www.wikidata.org/entity/Q9200400>
121924771	Microsoft Operations Manager 2005	<http://www.wikidata.org/entity/Q9230229>
121924771	Microsoft Operations Manager 2005	<http://www.wikidata.org/entity/Q9230229>
121924771	Microsoft Operations Manager 2005	<http://www.wikidata.org/entity/Q9230229>
122132597	HydroGeoSphere	<http://www.wikidata.org/entity/Q943427>
122132597	HydroGeoSphere	<http://www.wikidata.org/entity/Q943427>
122132597	HydroGeoSphere	<http://www.wikidata.org/entity/Q943427>
122132597	HGS	<http://www.wikidata.org/entity/Q943427>
122273799	Oktalyzer	<http://www.wikidata.org/entity/Q957349>
122273799	Oktalyzer	<http://www.wikidata.org/entity/Q957349>
122273799	Oktalyzer	<http://www.wikidata.org/entity/Q957349>
122273799	Amiga Oktalyzer	<http://www.wikidata.org/entity/Q957349>
122335157	Write Anywhere File Layout	<http://www.wikidata.org/entity/Q963254>
122335157	Write Anywhere File Layout	<http://www.wikidata.org/entity/Q963254>
122335157	Write Anywhere File Layout	<http://www.wikidata.org/entity/Q963254>
122335157	WAFL	<http://www.wikidata.org/entity/Q963254>
122379153	PowerDVD	<http://www.wikidata.org/entity/Q967570>
122379153	PowerDVD	<http://www.wikidata.org/entity/Q967570>
122379153	PowerDVD	<http://www.wikidata.org/entity/Q967570>
0   Linux    <http://www.wikidata.org/entity/Q388>
0   linux    <http://www.wikidata.org/entity/Q388>